Date,Day,Week,Time_Slot,Room_Number,Course_Section
01-Dec-2024,Sunday,5,02:15 PM – 03:45 PM,R01,IMKT_SecA
01-Dec-2024,Sunday,5,02:15 PM – 03:45 PM,R02,IMKT_SecB
01-Dec-2024,Sunday,5,02:15 PM – 03:45 PM,R03,ODC_SecB
01-Dec-2024,Sunday,5,02:15 PM – 03:45 PM,R04,PM_SecA
01-Dec-2024,Sunday,5,04:00 PM – 05:30 PM,R01,BMS
01-Dec-2024,Sunday,5,04:00 PM – 05:30 PM,R02,CB_SecC
01-Dec-2024,Sunday,5,06:15 PM – 07:45 PM,R01,PBM_SecC
01-Dec-2024,Sunday,5,06:15 PM – 07:45 PM,R02,SDM_SecA
01-Dec-2024,Sunday,5,06:15 PM – 07:45 PM,R03,SDM_SecB
01-Dec-2024,Sunday,5,09:00 AM – 10:30 AM,R01,DMPA_SecB
01-Dec-2024,Sunday,5,09:00 AM – 10:30 AM,R02,GMRM
01-Dec-2024,Sunday,5,09:00 AM – 10:30 AM,R03,SDM_SecB
01-Dec-2024,Sunday,5,10:45 AM – 12:15 PM,R01,DSMM_SecA
01-Dec-2024,Sunday,5,10:45 AM – 12:15 PM,R02,DTI_SecB
01-Dec-2024,Sunday,5,10:45 AM – 12:15 PM,R03,IMC_SecC
01-Dec-2024,Sunday,5,12:30 PM – 02:00 PM,R01,CS_SecA
01-Dec-2024,Sunday,5,12:30 PM – 02:00 PM,R02,CS_SecB
01-Dec-2024,Sunday,5,12:30 PM – 02:00 PM,R03,EMPP_SecA
01-Jan-2025,Wednesday,9,02:15 PM – 03:45 PM,R01,DRV_SecA
01-Jan-2025,Wednesday,9,02:15 PM – 03:45 PM,R02,DRV_SecB
01-Jan-2025,Wednesday,9,02:15 PM – 03:45 PM,R03,IMC_SecA
01-Jan-2025,Wednesday,9,02:15 PM – 03:45 PM,R04,PBM_SecB
01-Jan-2025,Wednesday,9,04:00 PM – 05:30 PM,R01,DSMM_SecC
01-Jan-2025,Wednesday,9,04:00 PM – 05:30 PM,R02,DWDV
01-Jan-2025,Wednesday,9,04:00 PM – 05:30 PM,R03,FIS_SecC
01-Jan-2025,Wednesday,9,06:15 PM – 07:45 PM,R01,CB_SecC
01-Jan-2025,Wednesday,9,06:15 PM – 07:45 PM,R02,DMPA_SecB
01-Jan-2025,Wednesday,9,06:15 PM – 07:45 PM,R03,DSMM_SecC
01-Jan-2025,Wednesday,9,09:00 AM – 10:30 AM,R01,CB_SecA
01-Jan-2025,Wednesday,9,09:00 AM – 10:30 AM,R02,CB_SecB
01-Jan-2025,Wednesday,9,09:00 AM – 10:30 AM,R03,CB_SecC
01-Jan-2025,Wednesday,9,09:00 AM – 10:30 AM,R04,DMPA_SecB
01-Jan-2025,Wednesday,9,10:45 AM – 12:15 PM,R01,CS_SecA
01-Jan-2025,Wednesday,9,10:45 AM – 12:15 PM,R02,CS_SecB
01-Jan-2025,Wednesday,9,10:45 AM – 12:15 PM,R03,EMPP_SecA
01-Jan-2025,Wednesday,9,12:30 PM – 02:00 PM,R01,BMS
01-Jan-2025,Wednesday,9,12:30 PM – 02:00 PM,R02,PM_SecA
01-Nov-2024,Friday,1,02:15 PM – 03:45 PM,R01,DSMM_SecA
01-Nov-2024,Friday,1,02:15 PM – 03:45 PM,R02,DSMM_SecB
01-Nov-2024,Friday,1,02:15 PM – 03:45 PM,R03,DSMM_SecC
01-Nov-2024,Friday,1,04:00 PM – 05:30 PM,R01,FIS_SecA
01-Nov-2024,Friday,1,04:00 PM – 05:30 PM,R02,IMC_SecA
01-Nov-2024,Friday,1,04:00 PM – 05:30 PM,R03,IMC_SecB
01-Nov-2024,Friday,1,04:00 PM – 05:30 PM,R04,IM_SecC
01-Nov-2024,Friday,1,06:15 PM – 07:45 PM,R01,DSMM_SecB
01-Nov-2024,Friday,1,06:15 PM – 07:45 PM,R02,DSMM_SecC
01-Nov-2024,Friday,1,06:15 PM – 07:45 PM,R03,FIS_SecB
01-Nov-2024,Friday,1,06:15 PM – 07:45 PM,R04,FIS_SecC
01-Nov-2024,Friday,1,09:00 AM – 10:30 AM,R01,CS_SecB
01-Nov-2024,Friday,1,09:00 AM – 10:30 AM,R02,IM_SecA
01-Nov-2024,Friday,1,09:00 AM – 10:30 AM,R03,PRI_SecA
01-Nov-2024,Friday,1,10:45 AM – 12:15 PM,R01,DSMM_SecA
01-Nov-2024,Friday,1,10:45 AM – 12:15 PM,R02,IMKT_SecA
01-Nov-2024,Friday,1,10:45 AM – 12:15 PM,R03,IMKT_SecB
01-Nov-2024,Friday,1,12:30 PM – 02:00 PM,R01,FIS_SecA
01-Nov-2024,Friday,1,12:30 PM – 02:00 PM,R02,IM_SecC
01-Nov-2024,Friday,1,12:30 PM – 02:00 PM,R03,ODC_SecB
01-Nov-2024,Friday,1,12:30 PM – 02:00 PM,R04,PBM_SecA
02-Dec-2024,Monday,5,02:15 PM – 03:45 PM,R01,CCS_SecA
02-Dec-2024,Monday,5,02:15 PM – 03:45 PM,R02,CCS_SecB
02-Dec-2024,Monday,5,02:15 PM – 03:45 PM,R03,IMKT_SecC
02-Dec-2024,Monday,5,02:15 PM – 03:45 PM,R04,NCM
02-Dec-2024,Monday,5,04:00 PM – 05:30 PM,R01,CS_SecB
02-Dec-2024,Monday,5,04:00 PM – 05:30 PM,R02,CS_SecC
02-Dec-2024,Monday,5,04:00 PM – 05:30 PM,R03,PBM_SecA
02-Dec-2024,Monday,5,06:15 PM – 07:45 PM,R01,CB_SecA
02-Dec-2024,Monday,5,06:15 PM – 07:45 PM,R02,DT_SecC
02-Dec-2024,Monday,5,06:15 PM – 07:45 PM,R03,ODC_SecA
02-Dec-2024,Monday,5,09:00 AM – 10:30 AM,R01,CCS_SecC
02-Dec-2024,Monday,5,09:00 AM – 10:30 AM,R02,DTI_SecB
02-Dec-2024,Monday,5,09:00 AM – 10:30 AM,R03,FIS_SecB
02-Dec-2024,Monday,5,10:45 AM – 12:15 PM,R01,CB_SecA
02-Dec-2024,Monday,5,10:45 AM – 12:15 PM,R02,DTI_SecA
02-Dec-2024,Monday,5,10:45 AM – 12:15 PM,R03,GMRM
02-Dec-2024,Monday,5,12:30 PM – 02:00 PM,R01,CS_SecC
02-Dec-2024,Monday,5,12:30 PM – 02:00 PM,R02,IM_SecC
02-Dec-2024,Monday,5,12:30 PM – 02:00 PM,R03,SCM_SecA
02-Jan-2025,Thursday,9,02:15 PM – 03:45 PM,R01,CB_SecB
02-Jan-2025,Thursday,9,02:15 PM – 03:45 PM,R02,IM_SecA
02-Jan-2025,Thursday,9,02:15 PM – 03:45 PM,R03,IM_SecB
02-Jan-2025,Thursday,9,09:00 AM – 10:30 AM,R01,FIS_SecA
02-Jan-2025,Thursday,9,09:00 AM – 10:30 AM,R02,IMC_SecA
02-Jan-2025,Thursday,9,09:00 AM – 10:30 AM,R03,IMC_SecB
02-Jan-2025,Thursday,9,09:00 AM – 10:30 AM,R04,IM_SecC
02-Jan-2025,Thursday,9,10:45 AM – 12:15 PM,R01,CCS_SecB
02-Jan-2025,Thursday,9,10:45 AM – 12:15 PM,R02,ODC_SecA
02-Jan-2025,Thursday,9,10:45 AM – 12:15 PM,R03,SCM_SecB
02-Jan-2025,Thursday,9,12:30 PM – 02:00 PM,R01,DSMM_SecA
02-Jan-2025,Thursday,9,12:30 PM – 02:00 PM,R02,DTI_SecB
02-Jan-2025,Thursday,9,12:30 PM – 02:00 PM,R03,IMC_SecC
02-Nov-2024,Saturday,1,02:15 PM – 03:45 PM,R01,DWDV
02-Nov-2024,Saturday,1,02:15 PM – 03:45 PM,R02,PRI_SecB
02-Nov-2024,Saturday,1,04:00 PM – 05:30 PM,R01,CCS_SecB
02-Nov-2024,Saturday,1,04:00 PM – 05:30 PM,R02,EMPP_SecA
02-Nov-2024,Saturday,1,04:00 PM – 05:30 PM,R03,IM_SecB
02-Nov-2024,Saturday,1,06:15 PM – 07:45 PM,R01,DT_SecC
02-Nov-2024,Saturday,1,06:15 PM – 07:45 PM,R02,PRI_SecA
02-Nov-2024,Saturday,1,06:15 PM – 07:45 PM,R03,PRI_SecB
02-Nov-2024,Saturday,1,09:00 AM – 10:30 AM,R01,CS_SecA
02-Nov-2024,Saturday,1,09:00 AM – 10:30 AM,R02,DT_SecB
02-Nov-2024,Saturday,1,09:00 AM – 10:30 AM,R03,SDM_SecA
02-Nov-2024,Saturday,1,10:45 AM – 12:15 PM,R01,CS_SecA
02-Nov-2024,Saturday,1,10:45 AM – 12:15 PM,R02,DT_SecA
02-Nov-2024,Saturday,1,10:45 AM – 12:15 PM,R03,DT_SecB
02-Nov-2024,Saturday,1,10:45 AM – 12:15 PM,R04,EMPP_SecB
02-Nov-2024,Saturday,1,12:30 PM – 02:00 PM,R01,DSMM_SecA
02-Nov-2024,Saturday,1,12:30 PM – 02:00 PM,R02,IMC_SecC
03-Dec-2024,Tuesday,5,02:15 PM – 03:45 PM,R01,DWDV
03-Dec-2024,Tuesday,5,02:15 PM – 03:45 PM,R02,PRI_SecB
03-Dec-2024,Tuesday,5,04:00 PM – 05:30 PM,R01,DSMM_SecA
03-Dec-2024,Tuesday,5,04:00 PM – 05:30 PM,R02,DTI_SecB
03-Dec-2024,Tuesday,5,04:00 PM – 05:30 PM,R03,IMC_SecC
03-Dec-2024,Tuesday,5,06:15 PM – 07:45 PM,R01,CRM_SecA
03-Dec-2024,Tuesday,5,06:15 PM – 07:45 PM,R02,CRM_SecB
03-Dec-2024,Tuesday,5,06:15 PM – 07:45 PM,R03,CS_SecA
03-Dec-2024,Tuesday,5,09:00 AM – 10:30 AM,R01,DMPA_SecB
03-Dec-2024,Tuesday,5,09:00 AM – 10:30 AM,R02,IMC_SecC
03-Dec-2024,Tuesday,5,09:00 AM – 10:30 AM,R03,IMKT_SecA
03-Dec-2024,Tuesday,5,10:45 AM – 12:15 PM,R01,DMPA_SecA
03-Dec-2024,Tuesday,5,10:45 AM – 12:15 PM,R02,DMPA_SecB
03-Dec-2024,Tuesday,5,10:45 AM – 12:15 PM,R03,IMKT_SecA
03-Dec-2024,Tuesday,5,12:30 PM – 02:00 PM,R01,DRV_SecB
03-Dec-2024,Tuesday,5,12:30 PM – 02:00 PM,R02,EMPP_SecA
03-Dec-2024,Tuesday,5,12:30 PM – 02:00 PM,R03,SCM_SecA
03-Jan-2025,Friday,10,02:15 PM – 03:45 PM,R01,BV
03-Jan-2025,Friday,10,02:15 PM – 03:45 PM,R02,CB_SecB
03-Jan-2025,Friday,10,02:15 PM – 03:45 PM,R03,FIS_SecA
03-Jan-2025,Friday,10,02:15 PM – 03:45 PM,R04,ODC_SecB
03-Jan-2025,Friday,10,04:00 PM – 05:30 PM,R01,DRV_SecB
03-Jan-2025,Friday,10,04:00 PM – 05:30 PM,R02,SDM_SecA
03-Jan-2025,Friday,10,04:00 PM – 05:30 PM,R03,SDM_SecB
03-Jan-2025,Friday,10,04:00 PM – 05:30 PM,R04,SDM_SecC
03-Jan-2025,Friday,10,06:15 PM – 07:45 PM,R01,CB_SecA
03-Jan-2025,Friday,10,06:15 PM – 07:45 PM,R02,CB_SecB
03-Jan-2025,Friday,10,06:15 PM – 07:45 PM,R03,SCM_SecB
03-Jan-2025,Friday,10,09:00 AM – 10:30 AM,R01,CRM_SecC
03-Jan-2025,Friday,10,09:00 AM – 10:30 AM,R02,ODC_SecA
03-Jan-2025,Friday,10,09:00 AM – 10:30 AM,R03,SCM_SecA
03-Jan-2025,Friday,10,10:45 AM – 12:15 PM,R01,FIS_SecC
03-Jan-2025,Friday,10,10:45 AM – 12:15 PM,R02,PM_SecB
03-Jan-2025,Friday,10,12:30 PM – 02:00 PM,R01,BMS
03-Jan-2025,Friday,10,12:30 PM – 02:00 PM,R02,CB_SecC
03-Nov-2024,Sunday,1,02:15 PM – 03:45 PM,R01,DTI_SecA
03-Nov-2024,Sunday,1,02:15 PM – 03:45 PM,R02,EMPP_SecA
03-Nov-2024,Sunday,1,04:00 PM – 05:30 PM,R01,IM_SecB
03-Nov-2024,Sunday,1,04:00 PM – 05:30 PM,R02,SMTI
03-Nov-2024,Sunday,1,06:15 PM – 07:45 PM,R01,IMKT_SecB
03-Nov-2024,Sunday,1,06:15 PM – 07:45 PM,R02,IMKT_SecC
03-Nov-2024,Sunday,1,06:15 PM – 07:45 PM,R03,NCM
03-Nov-2024,Sunday,1,09:00 AM – 10:30 AM,R01,CB_SecC
03-Nov-2024,Sunday,1,09:00 AM – 10:30 AM,R02,DMPA_SecA
03-Nov-2024,Sunday,1,09:00 AM – 10:30 AM,R03,DSMM_SecC
03-Nov-2024,Sunday,1,10:45 AM – 12:15 PM,R01,GMRM
03-Nov-2024,Sunday,1,10:45 AM – 12:15 PM,R02,PBM_SecC
03-Nov-2024,Sunday,1,10:45 AM – 12:15 PM,R03,SCM_SecA
03-Nov-2024,Sunday,1,12:30 PM – 02:00 PM,R01,BMS
03-Nov-2024,Sunday,1,12:30 PM – 02:00 PM,R02,DMPA_SecA
03-Nov-2024,Sunday,1,12:30 PM – 02:00 PM,R03,FIS_SecC
04-Dec-2024,Wednesday,5,02:15 PM – 03:45 PM,R01,CRM_SecC
04-Dec-2024,Wednesday,5,02:15 PM – 03:45 PM,R02,REE
04-Dec-2024,Wednesday,5,04:00 PM – 05:30 PM,R01,DMPA_SecA
04-Dec-2024,Wednesday,5,04:00 PM – 05:30 PM,R02,FIS_SecB
04-Dec-2024,Wednesday,5,04:00 PM – 05:30 PM,R03,IMKT_SecA
04-Dec-2024,Wednesday,5,06:15 PM – 07:45 PM,R01,DMPA_SecB
04-Dec-2024,Wednesday,5,06:15 PM – 07:45 PM,R02,DSMM_SecC
04-Dec-2024,Wednesday,5,09:00 AM – 10:30 AM,R01,BV
04-Dec-2024,Wednesday,5,09:00 AM – 10:30 AM,R02,CB_SecA
04-Dec-2024,Wednesday,5,09:00 AM – 10:30 AM,R03,CB_SecB
04-Dec-2024,Wednesday,5,10:45 AM – 12:15 PM,R01,DT_SecC
04-Dec-2024,Wednesday,5,10:45 AM – 12:15 PM,R02,IMC_SecA
04-Dec-2024,Wednesday,5,10:45 AM – 12:15 PM,R03,PRI_SecB
04-Dec-2024,Wednesday,5,10:45 AM – 12:15 PM,R04,REE
04-Dec-2024,Wednesday,5,12:30 PM – 02:00 PM,R01,DSMM_SecA
04-Dec-2024,Wednesday,5,12:30 PM – 02:00 PM,R02,IMKT_SecB
04-Dec-2024,Wednesday,5,12:30 PM – 02:00 PM,R03,ODC_SecA
04-Jan-2025,Saturday,10,02:15 PM – 03:45 PM,R01,CCS_SecC
04-Jan-2025,Saturday,10,02:15 PM – 03:45 PM,R02,DRV_SecA
04-Jan-2025,Saturday,10,02:15 PM – 03:45 PM,R03,PM_SecA
04-Jan-2025,Saturday,10,04:00 PM – 05:30 PM,R01,DTI_SecC
04-Jan-2025,Saturday,10,04:00 PM – 05:30 PM,R02,DT_SecA
04-Jan-2025,Saturday,10,04:00 PM – 05:30 PM,R03,DT_SecB
04-Jan-2025,Saturday,10,04:00 PM – 05:30 PM,R04,IM_SecB
04-Jan-2025,Saturday,10,06:15 PM – 07:45 PM,R01,DRV_SecB
04-Jan-2025,Saturday,10,06:15 PM – 07:45 PM,R02,DTI_SecC
04-Jan-2025,Saturday,10,06:15 PM – 07:45 PM,R03,SDM_SecC
04-Jan-2025,Saturday,10,09:00 AM – 10:30 AM,R01,IMKT_SecC
04-Jan-2025,Saturday,10,09:00 AM – 10:30 AM,R02,SMTI
04-Jan-2025,Saturday,10,10:45 AM – 12:15 PM,R01,DT_SecA
04-Jan-2025,Saturday,10,10:45 AM – 12:15 PM,R02,DT_SecC
04-Jan-2025,Saturday,10,10:45 AM – 12:15 PM,R03,GMRM
04-Jan-2025,Saturday,10,12:30 PM – 02:00 PM,R01,CS_SecA
04-Jan-2025,Saturday,10,12:30 PM – 02:00 PM,R02,CS_SecB
04-Jan-2025,Saturday,10,12:30 PM – 02:00 PM,R03,PRI_SecA
04-Nov-2024,Monday,1,02:15 PM – 03:45 PM,R01,CCS_SecA
04-Nov-2024,Monday,1,02:15 PM – 03:45 PM,R02,DT_SecA
04-Nov-2024,Monday,1,02:15 PM – 03:45 PM,R03,DT_SecC
04-Nov-2024,Monday,1,04:00 PM – 05:30 PM,R01,CCS_SecA
04-Nov-2024,Monday,1,04:00 PM – 05:30 PM,R02,DWDV
04-Nov-2024,Monday,1,04:00 PM – 05:30 PM,R03,PRI_SecB
04-Nov-2024,Monday,1,06:15 PM – 07:45 PM,R01,FIS_SecB
04-Nov-2024,Monday,1,06:15 PM – 07:45 PM,R02,FIS_SecC
04-Nov-2024,Monday,1,06:15 PM – 07:45 PM,R03,PM_SecB
04-Nov-2024,Monday,1,09:00 AM – 10:30 AM,R01,IMKT_SecB
04-Nov-2024,Monday,1,10:45 AM – 12:15 PM,R01,DTI_SecB
04-Nov-2024,Monday,1,10:45 AM – 12:15 PM,R02,ODC_SecA
04-Nov-2024,Monday,1,10:45 AM – 12:15 PM,R03,SCM_SecB
04-Nov-2024,Monday,1,12:30 PM – 02:00 PM,R01,CCS_SecC
04-Nov-2024,Monday,1,12:30 PM – 02:00 PM,R02,CS_SecB
04-Nov-2024,Monday,1,12:30 PM – 02:00 PM,R03,PRI_SecA
05-Dec-2024,Thursday,5,02:15 PM – 03:45 PM,R01,BMS
05-Dec-2024,Thursday,5,02:15 PM – 03:45 PM,R02,DMPA_SecA
05-Dec-2024,Thursday,5,02:15 PM – 03:45 PM,R03,FIS_SecC
05-Dec-2024,Thursday,5,09:00 AM – 10:30 AM,R01,CRM_SecC
05-Dec-2024,Thursday,5,09:00 AM – 10:30 AM,R02,PBM_SecA
05-Dec-2024,Thursday,5,10:45 AM – 12:15 PM,R01,CRM_SecA
05-Dec-2024,Thursday,5,10:45 AM – 12:15 PM,R02,DRV_SecA
05-Dec-2024,Thursday,5,10:45 AM – 12:15 PM,R03,PBM_SecB
05-Dec-2024,Thursday,5,12:30 PM – 02:00 PM,R01,SMTI
05-Jan-2025,Sunday,10,02:15 PM – 03:45 PM,R01,DMPA_SecA
05-Jan-2025,Sunday,10,02:15 PM – 03:45 PM,R02,DSMM_SecC
05-Jan-2025,Sunday,10,02:15 PM – 03:45 PM,R03,EMPP_SecB
05-Jan-2025,Sunday,10,02:15 PM – 03:45 PM,R04,IM_SecB
05-Jan-2025,Sunday,10,04:00 PM – 05:30 PM,R01,DRV_SecA
05-Jan-2025,Sunday,10,04:00 PM – 05:30 PM,R02,SMTI
05-Jan-2025,Sunday,10,06:15 PM – 07:45 PM,R01,CRM_SecC
05-Jan-2025,Sunday,10,09:00 AM – 10:30 AM,R01,BV
05-Jan-2025,Sunday,10,09:00 AM – 10:30 AM,R02,EMPP_SecB
05-Jan-2025,Sunday,10,09:00 AM – 10:30 AM,R03,PRI_SecA
05-Jan-2025,Sunday,10,10:45 AM – 12:15 PM,R01,CB_SecB
05-Jan-2025,Sunday,10,10:45 AM – 12:15 PM,R02,DRV_SecA
05-Jan-2025,Sunday,10,10:45 AM – 12:15 PM,R03,GMRM
05-Jan-2025,Sunday,10,10:45 AM – 12:15 PM,R04,PM_SecA
05-Jan-2025,Sunday,10,12:30 PM – 02:00 PM,R01,BV
05-Jan-2025,Sunday,10,12:30 PM – 02:00 PM,R02,FIS_SecA
05-Jan-2025,Sunday,10,12:30 PM – 02:00 PM,R03,PBM_SecA
05-Nov-2024,Tuesday,1,02:15 PM – 03:45 PM,R01,IMKT_SecC
05-Nov-2024,Tuesday,1,02:15 PM – 03:45 PM,R02,SMTI
05-Nov-2024,Tuesday,1,04:00 PM – 05:30 PM,R01,FIS_SecB
05-Nov-2024,Tuesday,1,04:00 PM – 05:30 PM,R02,PBM_SecB
05-Nov-2024,Tuesday,1,04:00 PM – 05:30 PM,R03,PM_SecB
05-Nov-2024,Tuesday,1,06:15 PM – 07:45 PM,R01,CCS_SecC
05-Nov-2024,Tuesday,1,06:15 PM – 07:45 PM,R02,IMKT_SecB
05-Nov-2024,Tuesday,1,06:15 PM – 07:45 PM,R03,PM_SecA
05-Nov-2024,Tuesday,1,09:00 AM – 10:30 AM,R01,DRV_SecA
05-Nov-2024,Tuesday,1,09:00 AM – 10:30 AM,R02,SMTI
05-Nov-2024,Tuesday,1,10:45 AM – 12:15 PM,R01,FIS_SecB
05-Nov-2024,Tuesday,1,10:45 AM – 12:15 PM,R02,PM_SecB
05-Nov-2024,Tuesday,1,12:30 PM – 02:00 PM,R01,DRV_SecA
05-Nov-2024,Tuesday,1,12:30 PM – 02:00 PM,R02,DT_SecB
05-Nov-2024,Tuesday,1,12:30 PM – 02:00 PM,R03,IMKT_SecA
06-Dec-2024,Friday,6,02:15 PM – 03:45 PM,R01,DWDV
06-Dec-2024,Friday,6,02:15 PM – 03:45 PM,R02,PRI_SecB
06-Dec-2024,Friday,6,04:00 PM – 05:30 PM,R01,CB_SecB
06-Dec-2024,Friday,6,04:00 PM – 05:30 PM,R02,PM_SecA
06-Dec-2024,Friday,6,06:15 PM – 07:45 PM,R01,CRM_SecB
06-Dec-2024,Friday,6,06:15 PM – 07:45 PM,R02,DMPA_SecB
06-Dec-2024,Friday,6,06:15 PM – 07:45 PM,R03,EMPP_SecB
06-Dec-2024,Friday,6,06:15 PM – 07:45 PM,R04,IMC_SecC
06-Dec-2024,Friday,6,09:00 AM – 10:30 AM,R01,DSMM_SecB
06-Dec-2024,Friday,6,09:00 AM – 10:30 AM,R02,DTI_SecA
06-Dec-2024,Friday,6,10:45 AM – 12:15 PM,R01,DSMM_SecB
06-Dec-2024,Friday,6,10:45 AM – 12:15 PM,R02,DSMM_SecC
06-Dec-2024,Friday,6,10:45 AM – 12:15 PM,R03,PBM_SecC
06-Dec-2024,Friday,6,12:30 PM – 02:00 PM,R01,DTI_SecA
06-Dec-2024,Friday,6,12:30 PM – 02:00 PM,R02,DTI_SecB
06-Jan-2025,Monday,10,02:15 PM – 03:45 PM,R01,BV
06-Jan-2025,Monday,10,02:15 PM – 03:45 PM,R02,DSMM_SecB
06-Jan-2025,Monday,10,02:15 PM – 03:45 PM,R03,NCM
06-Jan-2025,Monday,10,04:00 PM – 05:30 PM,R01,CCS_SecC
06-Jan-2025,Monday,10,04:00 PM – 05:30 PM,R02,DSMM_SecA
06-Jan-2025,Monday,10,04:00 PM – 05:30 PM,R03,DSMM_SecB
06-Jan-2025,Monday,10,06:15 PM – 07:45 PM,R01,CB_SecA
06-Jan-2025,Monday,10,06:15 PM – 07:45 PM,R02,CB_SecB
06-Jan-2025,Monday,10,06:15 PM – 07:45 PM,R03,CB_SecC
06-Jan-2025,Monday,10,06:15 PM – 07:45 PM,R04,IM_SecC
06-Jan-2025,Monday,10,09:00 AM – 10:30 AM,R01,CRM_SecC
06-Jan-2025,Monday,10,09:00 AM – 10:30 AM,R02,PBM_SecA
06-Jan-2025,Monday,10,10:45 AM – 12:15 PM,R01,DTI_SecC
06-Jan-2025,Monday,10,10:45 AM – 12:15 PM,R02,PM_SecB
06-Jan-2025,Monday,10,12:30 PM – 02:00 PM,R01,EMPP_SecA
06-Jan-2025,Monday,10,12:30 PM – 02:00 PM,R02,PBM_SecC
06-Jan-2025,Monday,10,12:30 PM – 02:00 PM,R03,SCM_SecA
06-Nov-2024,Wednesday,1,02:15 PM – 03:45 PM,R01,IMKT_SecC
06-Nov-2024,Wednesday,1,02:15 PM – 03:45 PM,R02,SMTI
06-Nov-2024,Wednesday,1,04:00 PM – 05:30 PM,R01,CB_SecA
06-Nov-2024,Wednesday,1,04:00 PM – 05:30 PM,R02,DMPA_SecB
06-Nov-2024,Wednesday,1,04:00 PM – 05:30 PM,R03,IMC_SecC
06-Nov-2024,Wednesday,1,06:15 PM – 07:45 PM,R01,CCS_SecA
06-Nov-2024,Wednesday,1,06:15 PM – 07:45 PM,R02,CCS_SecB
06-Nov-2024,Wednesday,1,06:15 PM – 07:45 PM,R03,ODC_SecA
06-Nov-2024,Wednesday,1,06:15 PM – 07:45 PM,R04,SCM_SecB
06-Nov-2024,Wednesday,1,09:00 AM – 10:30 AM,R01,CCS_SecC
06-Nov-2024,Wednesday,1,09:00 AM – 10:30 AM,R02,PRI_SecA
06-Nov-2024,Wednesday,1,09:00 AM – 10:30 AM,R03,SDM_SecC
06-Nov-2024,Wednesday,1,10:45 AM – 12:15 PM,R01,DSMM_SecA
06-Nov-2024,Wednesday,1,10:45 AM – 12:15 PM,R02,DSMM_SecB
06-Nov-2024,Wednesday,1,10:45 AM – 12:15 PM,R03,DSMM_SecC
06-Nov-2024,Wednesday,1,12:30 PM – 02:00 PM,R01,CRM_SecB
06-Nov-2024,Wednesday,1,12:30 PM – 02:00 PM,R02,IMC_SecC
07-Dec-2024,Saturday,6,02:15 PM – 03:45 PM,R01,BMS
07-Dec-2024,Saturday,6,02:15 PM – 03:45 PM,R02,IMKT_SecC
07-Dec-2024,Saturday,6,04:00 PM – 05:30 PM,R01,DTI_SecA
07-Dec-2024,Saturday,6,04:00 PM – 05:30 PM,R02,SDM_SecA
07-Dec-2024,Saturday,6,06:15 PM – 07:45 PM,R01,BV
07-Dec-2024,Saturday,6,06:15 PM – 07:45 PM,R02,DSMM_SecB
07-Dec-2024,Saturday,6,06:15 PM – 07:45 PM,R03,NCM
07-Dec-2024,Saturday,6,09:00 AM – 10:30 AM,R01,DTI_SecB
07-Dec-2024,Saturday,6,09:00 AM – 10:30 AM,R02,EMPP_SecB
07-Dec-2024,Saturday,6,09:00 AM – 10:30 AM,R03,IMC_SecC
07-Dec-2024,Saturday,6,10:45 AM – 12:15 PM,R01,DTI_SecC
07-Dec-2024,Saturday,6,10:45 AM – 12:15 PM,R02,DT_SecA
07-Dec-2024,Saturday,6,10:45 AM – 12:15 PM,R03,DT_SecB
07-Dec-2024,Saturday,6,10:45 AM – 12:15 PM,R04,FIS_SecC
07-Dec-2024,Saturday,6,12:30 PM – 02:00 PM,R01,BV
07-Dec-2024,Saturday,6,12:30 PM – 02:00 PM,R02,CB_SecB
07-Dec-2024,Saturday,6,12:30 PM – 02:00 PM,R03,FIS_SecA
07-Jan-2025,Tuesday,10,02:15 PM – 03:45 PM,R01,DTI_SecA
07-Jan-2025,Tuesday,10,02:15 PM – 03:45 PM,R02,IMC_SecA
07-Jan-2025,Tuesday,10,04:00 PM – 05:30 PM,R01,FIS_SecA
07-Jan-2025,Tuesday,10,04:00 PM – 05:30 PM,R02,FIS_SecC
07-Jan-2025,Tuesday,10,04:00 PM – 05:30 PM,R03,IMC_SecA
07-Jan-2025,Tuesday,10,04:00 PM – 05:30 PM,R04,IMC_SecB
07-Jan-2025,Tuesday,10,06:15 PM – 07:45 PM,R01,CCS_SecB
07-Jan-2025,Tuesday,10,06:15 PM – 07:45 PM,R02,REE
07-Jan-2025,Tuesday,10,06:15 PM – 07:45 PM,R03,SCM_SecB
07-Jan-2025,Tuesday,10,09:00 AM – 10:30 AM,R01,CRM_SecB
07-Jan-2025,Tuesday,10,09:00 AM – 10:30 AM,R02,CS_SecA
07-Jan-2025,Tuesday,10,09:00 AM – 10:30 AM,R03,GMRM
07-Jan-2025,Tuesday,10,10:45 AM – 12:15 PM,R01,CS_SecC
07-Jan-2025,Tuesday,10,10:45 AM – 12:15 PM,R02,DRV_SecB
07-Jan-2025,Tuesday,10,10:45 AM – 12:15 PM,R03,IMC_SecB
07-Jan-2025,Tuesday,10,10:45 AM – 12:15 PM,R04,SDM_SecC
07-Jan-2025,Tuesday,10,12:30 PM – 02:00 PM,R01,ODC_SecA
07-Jan-2025,Tuesday,10,12:30 PM – 02:00 PM,R02,PBM_SecB
07-Jan-2025,Tuesday,10,12:30 PM – 02:00 PM,R03,PM_SecB
07-Nov-2024,Thursday,1,02:15 PM – 03:45 PM,R01,IM_SecA
07-Nov-2024,Thursday,1,02:15 PM – 03:45 PM,R02,PBM_SecB
07-Nov-2024,Thursday,1,02:15 PM – 03:45 PM,R03,PM_SecB
07-Nov-2024,Thursday,1,09:00 AM – 10:30 AM,R01,CS_SecB
07-Nov-2024,Thursday,1,09:00 AM – 10:30 AM,R02,CS_SecC
07-Nov-2024,Thursday,1,09:00 AM – 10:30 AM,R03,IM_SecA
07-Nov-2024,Thursday,1,09:00 AM – 10:30 AM,R04,PBM_SecA
07-Nov-2024,Thursday,1,10:45 AM – 12:15 PM,R01,DSMM_SecC
07-Nov-2024,Thursday,1,10:45 AM – 12:15 PM,R02,IMKT_SecC
07-Nov-2024,Thursday,1,12:30 PM – 02:00 PM,R01,DRV_SecB
07-Nov-2024,Thursday,1,12:30 PM – 02:00 PM,R02,DSMM_SecA
07-Nov-2024,Thursday,1,12:30 PM – 02:00 PM,R03,IMKT_SecA
07-Nov-2024,Thursday,1,12:30 PM – 02:00 PM,R04,IMKT_SecB
08-Dec-2024,Sunday,6,02:15 PM – 03:45 PM,R01,IMC_SecA
08-Dec-2024,Sunday,6,02:15 PM – 03:45 PM,R02,IMC_SecB
08-Dec-2024,Sunday,6,02:15 PM – 03:45 PM,R03,REE
08-Dec-2024,Sunday,6,02:15 PM – 03:45 PM,R04,SDM_SecC
08-Dec-2024,Sunday,6,04:00 PM – 05:30 PM,R01,DTI_SecA
08-Dec-2024,Sunday,6,04:00 PM – 05:30 PM,R02,IMC_SecA
08-Dec-2024,Sunday,6,04:00 PM – 05:30 PM,R03,NCM
08-Dec-2024,Sunday,6,06:15 PM – 07:45 PM,R01,CS_SecB
08-Dec-2024,Sunday,6,06:15 PM – 07:45 PM,R02,IM_SecA
08-Dec-2024,Sunday,6,06:15 PM – 07:45 PM,R03,PRI_SecA
08-Dec-2024,Sunday,6,09:00 AM – 10:30 AM,R01,DRV_SecB
08-Dec-2024,Sunday,6,09:00 AM – 10:30 AM,R02,PBM_SecB
08-Dec-2024,Sunday,6,09:00 AM – 10:30 AM,R03,PM_SecB
08-Dec-2024,Sunday,6,10:45 AM – 12:15 PM,R01,DRV_SecB
08-Dec-2024,Sunday,6,10:45 AM – 12:15 PM,R02,SDM_SecA
08-Dec-2024,Sunday,6,10:45 AM – 12:15 PM,R03,SDM_SecB
08-Dec-2024,Sunday,6,10:45 AM – 12:15 PM,R04,SDM_SecC
08-Dec-2024,Sunday,6,12:30 PM – 02:00 PM,R01,DMPA_SecA
08-Dec-2024,Sunday,6,12:30 PM – 02:00 PM,R02,DSMM_SecC
08-Dec-2024,Sunday,6,12:30 PM – 02:00 PM,R03,FIS_SecC
08-Jan-2025,Wednesday,10,02:15 PM – 03:45 PM,R01,CCS_SecA
08-Jan-2025,Wednesday,10,02:15 PM – 03:45 PM,R02,CCS_SecB
08-Jan-2025,Wednesday,10,02:15 PM – 03:45 PM,R03,CCS_SecC
08-Jan-2025,Wednesday,10,02:15 PM – 03:45 PM,R04,SCM_SecB
08-Jan-2025,Wednesday,10,04:00 PM – 05:30 PM,R01,DTI_SecC
08-Jan-2025,Wednesday,10,04:00 PM – 05:30 PM,R02,PBM_SecB
08-Jan-2025,Wednesday,10,04:00 PM – 05:30 PM,R03,PM_SecB
08-Jan-2025,Wednesday,10,06:15 PM – 07:45 PM,R01,DRV_SecA
08-Jan-2025,Wednesday,10,06:15 PM – 07:45 PM,R02,ODC_SecB
08-Jan-2025,Wednesday,10,06:15 PM – 07:45 PM,R03,SCM_SecA
08-Jan-2025,Wednesday,10,06:15 PM – 07:45 PM,R04,SCM_SecB
08-Jan-2025,Wednesday,10,09:00 AM – 10:30 AM,R01,DSMM_SecA
08-Jan-2025,Wednesday,10,09:00 AM – 10:30 AM,R02,IMC_SecC
08-Jan-2025,Wednesday,10,09:00 AM – 10:30 AM,R03,IMKT_SecA
08-Jan-2025,Wednesday,10,10:45 AM – 12:15 PM,R01,IMC_SecA
08-Jan-2025,Wednesday,10,10:45 AM – 12:15 PM,R02,IM_SecA
08-Jan-2025,Wednesday,10,10:45 AM – 12:15 PM,R03,PBM_SecB
08-Jan-2025,Wednesday,10,10:45 AM – 12:15 PM,R04,REE
08-Jan-2025,Wednesday,10,12:30 PM – 02:00 PM,R01,CRM_SecC
08-Jan-2025,Wednesday,10,12:30 PM – 02:00 PM,R02,PBM_SecA
08-Nov-2024,Friday,2,02:15 PM – 03:45 PM,R01,CB_SecA
08-Nov-2024,Friday,2,02:15 PM – 03:45 PM,R02,IMC_SecC
08-Nov-2024,Friday,2,02:15 PM – 03:45 PM,R03,ODC_SecB
08-Nov-2024,Friday,2,04:00 PM – 05:30 PM,R01,DT_SecA
08-Nov-2024,Friday,2,04:00 PM – 05:30 PM,R02,PBM_SecC
08-Nov-2024,Friday,2,04:00 PM – 05:30 PM,R03,REE
08-Nov-2024,Friday,2,06:15 PM – 07:45 PM,R01,DTI_SecC
08-Nov-2024,Friday,2,06:15 PM – 07:45 PM,R02,DT_SecA
08-Nov-2024,Friday,2,06:15 PM – 07:45 PM,R03,DT_SecB
08-Nov-2024,Friday,2,06:15 PM – 07:45 PM,R04,DT_SecC
08-Nov-2024,Friday,2,09:00 AM – 10:30 AM,R01,CB_SecA
08-Nov-2024,Friday,2,09:00 AM – 10:30 AM,R02,CB_SecB
08-Nov-2024,Friday,2,09:00 AM – 10:30 AM,R03,FIS_SecC
08-Nov-2024,Friday,2,10:45 AM – 12:15 PM,R01,CCS_SecC
08-Nov-2024,Friday,2,10:45 AM – 12:15 PM,R02,PRI_SecA
08-Nov-2024,Friday,2,10:45 AM – 12:15 PM,R03,SDM_SecC
08-Nov-2024,Friday,2,12:30 PM – 02:00 PM,R01,CRM_SecA
08-Nov-2024,Friday,2,12:30 PM – 02:00 PM,R02,FIS_SecC
08-Nov-2024,Friday,2,12:30 PM – 02:00 PM,R03,SDM_SecB
09-Dec-2024,Monday,6,02:15 PM – 03:45 PM,R01,DT_SecA
09-Dec-2024,Monday,6,02:15 PM – 03:45 PM,R02,DT_SecB
09-Dec-2024,Monday,6,02:15 PM – 03:45 PM,R03,IM_SecB
09-Dec-2024,Monday,6,02:15 PM – 03:45 PM,R04,NCM
09-Dec-2024,Monday,6,04:00 PM – 05:30 PM,R01,DSMM_SecB
09-Dec-2024,Monday,6,04:00 PM – 05:30 PM,R02,DSMM_SecC
09-Dec-2024,Monday,6,04:00 PM – 05:30 PM,R03,IMKT_SecC
09-Dec-2024,Monday,6,06:15 PM – 07:45 PM,R01,BV
09-Dec-2024,Monday,6,06:15 PM – 07:45 PM,R02,FIS_SecA
09-Dec-2024,Monday,6,06:15 PM – 07:45 PM,R03,IMC_SecA
09-Dec-2024,Monday,6,06:15 PM – 07:45 PM,R04,IMC_SecB
09-Dec-2024,Monday,6,09:00 AM – 10:30 AM,R01,CRM_SecA
09-Dec-2024,Monday,6,09:00 AM – 10:30 AM,R02,CRM_SecB
09-Dec-2024,Monday,6,09:00 AM – 10:30 AM,R03,PBM_SecC
09-Dec-2024,Monday,6,10:45 AM – 12:15 PM,R01,GMRM
09-Dec-2024,Monday,6,10:45 AM – 12:15 PM,R02,SDM_SecB
09-Dec-2024,Monday,6,10:45 AM – 12:15 PM,R03,SDM_SecC
09-Dec-2024,Monday,6,12:30 PM – 02:00 PM,R01,DSMM_SecB
09-Dec-2024,Monday,6,12:30 PM – 02:00 PM,R02,DTI_SecA
09-Dec-2024,Monday,6,12:30 PM – 02:00 PM,R03,ODC_SecB
09-Jan-2025,Thursday,10,02:15 PM – 03:45 PM,R01,DRV_SecB
09-Jan-2025,Thursday,10,02:15 PM – 03:45 PM,R02,SDM_SecA
09-Jan-2025,Thursday,10,02:15 PM – 03:45 PM,R03,SDM_SecB
09-Jan-2025,Thursday,10,02:15 PM – 03:45 PM,R04,SDM_SecC
09-Jan-2025,Thursday,10,09:00 AM – 10:30 AM,R01,CCS_SecA
09-Jan-2025,Thursday,10,09:00 AM – 10:30 AM,R02,DWDV
09-Jan-2025,Thursday,10,09:00 AM – 10:30 AM,R03,EMPP_SecB
09-Jan-2025,Thursday,10,09:00 AM – 10:30 AM,R04,PRI_SecB
09-Jan-2025,Thursday,10,10:45 AM – 12:15 PM,R01,CCS_SecC
09-Jan-2025,Thursday,10,10:45 AM – 12:15 PM,R02,CS_SecB
09-Jan-2025,Thursday,10,10:45 AM – 12:15 PM,R03,IM_SecA
09-Jan-2025,Thursday,10,10:45 AM – 12:15 PM,R04,PRI_SecA
09-Jan-2025,Thursday,10,12:30 PM – 02:00 PM,R01,CRM_SecA
09-Jan-2025,Thursday,10,12:30 PM – 02:00 PM,R02,DRV_SecA
09-Jan-2025,Thursday,10,12:30 PM – 02:00 PM,R03,SDM_SecB
09-Nov-2024,Saturday,2,02:15 PM – 03:45 PM,R01,ODC_SecB
09-Nov-2024,Saturday,2,02:15 PM – 03:45 PM,R02,SMTI
09-Nov-2024,Saturday,2,04:00 PM – 05:30 PM,R01,CS_SecA
09-Nov-2024,Saturday,2,04:00 PM – 05:30 PM,R02,DT_SecB
09-Nov-2024,Saturday,2,04:00 PM – 05:30 PM,R03,IMKT_SecA
09-Nov-2024,Saturday,2,06:15 PM – 07:45 PM,R01,DTI_SecC
09-Nov-2024,Saturday,2,06:15 PM – 07:45 PM,R02,PM_SecA
09-Nov-2024,Saturday,2,06:15 PM – 07:45 PM,R03,SDM_SecC
09-Nov-2024,Saturday,2,09:00 AM – 10:30 AM,R01,CS_SecA
09-Nov-2024,Saturday,2,09:00 AM – 10:30 AM,R02,CS_SecB
09-Nov-2024,Saturday,2,09:00 AM – 10:30 AM,R03,NCM
09-Nov-2024,Saturday,2,10:45 AM – 12:15 PM,R01,CCS_SecA
09-Nov-2024,Saturday,2,10:45 AM – 12:15 PM,R02,CCS_SecB
09-Nov-2024,Saturday,2,10:45 AM – 12:15 PM,R03,EMPP_SecA
09-Nov-2024,Saturday,2,10:45 AM – 12:15 PM,R04,IMKT_SecC
09-Nov-2024,Saturday,2,12:30 PM – 02:00 PM,R01,DRV_SecA
09-Nov-2024,Saturday,2,12:30 PM – 02:00 PM,R02,SCM_SecA
09-Nov-2024,Saturday,2,12:30 PM – 02:00 PM,R03,SCM_SecB
10-Dec-2024,Tuesday,6,02:15 PM – 03:45 PM,R01,CRM_SecC
10-Dec-2024,Tuesday,6,02:15 PM – 03:45 PM,R02,REE
10-Dec-2024,Tuesday,6,04:00 PM – 05:30 PM,R01,EMPP_SecB
10-Dec-2024,Tuesday,6,04:00 PM – 05:30 PM,R02,SMTI
10-Dec-2024,Tuesday,6,06:15 PM – 07:45 PM,R01,IMC_SecA
10-Dec-2024,Tuesday,6,06:15 PM – 07:45 PM,R02,IMC_SecB
10-Dec-2024,Tuesday,6,06:15 PM – 07:45 PM,R03,IM_SecA
10-Dec-2024,Tuesday,6,06:15 PM – 07:45 PM,R04,IM_SecB
10-Dec-2024,Tuesday,6,09:00 AM – 10:30 AM,R01,IM_SecB
10-Dec-2024,Tuesday,6,09:00 AM – 10:30 AM,R02,SMTI
10-Dec-2024,Tuesday,6,10:45 AM – 12:15 PM,R01,CRM_SecA
10-Dec-2024,Tuesday,6,10:45 AM – 12:15 PM,R02,PBM_SecC
10-Dec-2024,Tuesday,6,10:45 AM – 12:15 PM,R03,SDM_SecB
10-Dec-2024,Tuesday,6,12:30 PM – 02:00 PM,R01,DT_SecB
10-Dec-2024,Tuesday,6,12:30 PM – 02:00 PM,R02,EMPP_SecB
10-Dec-2024,Tuesday,6,12:30 PM – 02:00 PM,R03,IMKT_SecA
10-Dec-2024,Tuesday,6,12:30 PM – 02:00 PM,R04,PBM_SecC
10-Nov-2024,Sunday,2,02:15 PM – 03:45 PM,R01,BV
10-Nov-2024,Sunday,2,02:15 PM – 03:45 PM,R02,FIS_SecA
10-Nov-2024,Sunday,2,02:15 PM – 03:45 PM,R03,IMC_SecA
10-Nov-2024,Sunday,2,02:15 PM – 03:45 PM,R04,IMC_SecB
10-Nov-2024,Sunday,2,04:00 PM – 05:30 PM,R01,CRM_SecC
10-Nov-2024,Sunday,2,04:00 PM – 05:30 PM,R02,PBM_SecA
10-Nov-2024,Sunday,2,06:15 PM – 07:45 PM,R01,IMC_SecB
10-Nov-2024,Sunday,2,06:15 PM – 07:45 PM,R02,REE
10-Nov-2024,Sunday,2,06:15 PM – 07:45 PM,R03,SCM_SecB
10-Nov-2024,Sunday,2,09:00 AM – 10:30 AM,R01,CRM_SecA
10-Nov-2024,Sunday,2,09:00 AM – 10:30 AM,R02,CRM_SecB
10-Nov-2024,Sunday,2,09:00 AM – 10:30 AM,R03,DT_SecC
10-Nov-2024,Sunday,2,10:45 AM – 12:15 PM,R01,FIS_SecB
10-Nov-2024,Sunday,2,10:45 AM – 12:15 PM,R02,PM_SecB
10-Nov-2024,Sunday,2,12:30 PM – 02:00 PM,R01,DMPA_SecB
10-Nov-2024,Sunday,2,12:30 PM – 02:00 PM,R02,PBM_SecA
11-Dec-2024,Wednesday,6,02:15 PM – 03:45 PM,R01,CS_SecC
11-Dec-2024,Wednesday,6,02:15 PM – 03:45 PM,R02,IM_SecC
11-Dec-2024,Wednesday,6,02:15 PM – 03:45 PM,R03,SCM_SecA
11-Dec-2024,Wednesday,6,04:00 PM – 05:30 PM,R01,DRV_SecB
11-Dec-2024,Wednesday,6,04:00 PM – 05:30 PM,R02,IMKT_SecB
11-Dec-2024,Wednesday,6,06:15 PM – 07:45 PM,R01,IM_SecA
11-Dec-2024,Wednesday,6,06:15 PM – 07:45 PM,R02,PBM_SecA
11-Dec-2024,Wednesday,6,06:15 PM – 07:45 PM,R03,PBM_SecB
11-Dec-2024,Wednesday,6,09:00 AM – 10:30 AM,R01,CRM_SecA
11-Dec-2024,Wednesday,6,09:00 AM – 10:30 AM,R02,FIS_SecB
11-Dec-2024,Wednesday,6,09:00 AM – 10:30 AM,R03,PBM_SecB
11-Dec-2024,Wednesday,6,10:45 AM – 12:15 PM,R01,CB_SecA
11-Dec-2024,Wednesday,6,10:45 AM – 12:15 PM,R02,CB_SecB
11-Dec-2024,Wednesday,6,10:45 AM – 12:15 PM,R03,DRV_SecB
11-Dec-2024,Wednesday,6,10:45 AM – 12:15 PM,R04,GMRM
11-Dec-2024,Wednesday,6,12:30 PM – 02:00 PM,R01,SMTI
11-Nov-2024,Monday,2,02:15 PM – 03:45 PM,R01,CRM_SecA
11-Nov-2024,Monday,2,02:15 PM – 03:45 PM,R02,DT_SecC
11-Nov-2024,Monday,2,02:15 PM – 03:45 PM,R03,ODC_SecB
11-Nov-2024,Monday,2,02:15 PM – 03:45 PM,R04,SDM_SecB
11-Nov-2024,Monday,2,04:00 PM – 05:30 PM,R01,CS_SecA
11-Nov-2024,Monday,2,04:00 PM – 05:30 PM,R02,CS_SecB
11-Nov-2024,Monday,2,04:00 PM – 05:30 PM,R03,PRI_SecA
11-Nov-2024,Monday,2,06:15 PM – 07:45 PM,R01,BV
11-Nov-2024,Monday,2,06:15 PM – 07:45 PM,R02,PBM_SecB
11-Nov-2024,Monday,2,06:15 PM – 07:45 PM,R03,SDM_SecA
11-Nov-2024,Monday,2,09:00 AM – 10:30 AM,R01,BMS
11-Nov-2024,Monday,2,09:00 AM – 10:30 AM,R02,IMKT_SecC
11-Nov-2024,Monday,2,10:45 AM – 12:15 PM,R01,SMTI
11-Nov-2024,Monday,2,12:30 PM – 02:00 PM,R01,CS_SecB
11-Nov-2024,Monday,2,12:30 PM – 02:00 PM,R02,IM_SecA
11-Nov-2024,Monday,2,12:30 PM – 02:00 PM,R03,PRI_SecA
12-Dec-2024,Thursday,6,02:15 PM – 03:45 PM,R01,DMPA_SecB
12-Dec-2024,Thursday,6,02:15 PM – 03:45 PM,R02,SDM_SecA
12-Dec-2024,Thursday,6,02:15 PM – 03:45 PM,R03,SDM_SecB
12-Dec-2024,Thursday,6,09:00 AM – 10:30 AM,R01,CB_SecA
12-Dec-2024,Thursday,6,09:00 AM – 10:30 AM,R02,CS_SecC
12-Dec-2024,Thursday,6,09:00 AM – 10:30 AM,R03,PBM_SecC
12-Dec-2024,Thursday,6,10:45 AM – 12:15 PM,R01,FIS_SecA
12-Dec-2024,Thursday,6,10:45 AM – 12:15 PM,R02,IMC_SecB
12-Dec-2024,Thursday,6,10:45 AM – 12:15 PM,R03,IM_SecC
12-Dec-2024,Thursday,6,12:30 PM – 02:00 PM,R01,DWDV
12-Dec-2024,Thursday,6,12:30 PM – 02:00 PM,R02,PRI_SecB
12-Nov-2024,Tuesday,2,02:15 PM – 03:45 PM,R01,IMKT_SecB
12-Nov-2024,Tuesday,2,02:15 PM – 03:45 PM,R02,IMKT_SecC
12-Nov-2024,Tuesday,2,02:15 PM – 03:45 PM,R03,NCM
12-Nov-2024,Tuesday,2,04:00 PM – 05:30 PM,R01,CCS_SecB
12-Nov-2024,Tuesday,2,04:00 PM – 05:30 PM,R02,IM_SecB
12-Nov-2024,Tuesday,2,06:15 PM – 07:45 PM,R01,DWDV
12-Nov-2024,Tuesday,2,06:15 PM – 07:45 PM,R02,FIS_SecC
12-Nov-2024,Tuesday,2,06:15 PM – 07:45 PM,R03,GMRM
12-Nov-2024,Tuesday,2,09:00 AM – 10:30 AM,R01,CRM_SecA
12-Nov-2024,Tuesday,2,09:00 AM – 10:30 AM,R02,CRM_SecB
12-Nov-2024,Tuesday,2,09:00 AM – 10:30 AM,R03,CRM_SecC
12-Nov-2024,Tuesday,2,10:45 AM – 12:15 PM,R01,CRM_SecA
12-Nov-2024,Tuesday,2,10:45 AM – 12:15 PM,R02,IM_SecA
12-Nov-2024,Tuesday,2,10:45 AM – 12:15 PM,R03,ODC_SecB
12-Nov-2024,Tuesday,2,10:45 AM – 12:15 PM,R04,PBM_SecB
12-Nov-2024,Tuesday,2,12:30 PM – 02:00 PM,R01,CCS_SecA
12-Nov-2024,Tuesday,2,12:30 PM – 02:00 PM,R02,DTI_SecC
12-Nov-2024,Tuesday,2,12:30 PM – 02:00 PM,R03,DT_SecA
12-Nov-2024,Tuesday,2,12:30 PM – 02:00 PM,R04,IMKT_SecC
13-Dec-2024,Friday,7,02:15 PM – 03:45 PM,R01,PRI_SecA
13-Dec-2024,Friday,7,02:15 PM – 03:45 PM,R02,SDM_SecC
13-Dec-2024,Friday,7,04:00 PM – 05:30 PM,R01,DT_SecB
13-Dec-2024,Friday,7,04:00 PM – 05:30 PM,R02,IM_SecA
13-Dec-2024,Friday,7,04:00 PM – 05:30 PM,R03,SDM_SecA
13-Dec-2024,Friday,7,06:15 PM – 07:45 PM,R01,CCS_SecB
13-Dec-2024,Friday,7,06:15 PM – 07:45 PM,R02,ODC_SecA
13-Dec-2024,Friday,7,06:15 PM – 07:45 PM,R03,SCM_SecB
13-Dec-2024,Friday,7,09:00 AM – 10:30 AM,R01,CS_SecC
13-Dec-2024,Friday,7,09:00 AM – 10:30 AM,R02,IM_SecA
13-Dec-2024,Friday,7,09:00 AM – 10:30 AM,R03,SCM_SecA
13-Dec-2024,Friday,7,10:45 AM – 12:15 PM,R01,DMPA_SecB
13-Dec-2024,Friday,7,10:45 AM – 12:15 PM,R02,IMC_SecC
13-Dec-2024,Friday,7,10:45 AM – 12:15 PM,R03,IMKT_SecA
13-Dec-2024,Friday,7,12:30 PM – 02:00 PM,R01,CB_SecA
13-Dec-2024,Friday,7,12:30 PM – 02:00 PM,R02,CCS_SecB
13-Dec-2024,Friday,7,12:30 PM – 02:00 PM,R03,CCS_SecC
13-Nov-2024,Wednesday,2,02:15 PM – 03:45 PM,R01,CCS_SecC
13-Nov-2024,Wednesday,2,02:15 PM – 03:45 PM,R02,DTI_SecB
13-Nov-2024,Wednesday,2,02:15 PM – 03:45 PM,R03,IMKT_SecC
13-Nov-2024,Wednesday,2,04:00 PM – 05:30 PM,R01,DTI_SecA
13-Nov-2024,Wednesday,2,04:00 PM – 05:30 PM,R02,DTI_SecB
13-Nov-2024,Wednesday,2,06:15 PM – 07:45 PM,R01,CS_SecC
13-Nov-2024,Wednesday,2,06:15 PM – 07:45 PM,R02,FIS_SecB
13-Nov-2024,Wednesday,2,06:15 PM – 07:45 PM,R03,ODC_SecA
13-Nov-2024,Wednesday,2,06:15 PM – 07:45 PM,R04,SCM_SecA
13-Nov-2024,Wednesday,2,09:00 AM – 10:30 AM,R01,CS_SecC
13-Nov-2024,Wednesday,2,09:00 AM – 10:30 AM,R02,DRV_SecB
13-Nov-2024,Wednesday,2,09:00 AM – 10:30 AM,R03,IMC_SecB
13-Nov-2024,Wednesday,2,09:00 AM – 10:30 AM,R04,SDM_SecC
13-Nov-2024,Wednesday,2,10:45 AM – 12:15 PM,R01,DSMM_SecC
13-Nov-2024,Wednesday,2,10:45 AM – 12:15 PM,R02,DWDV
13-Nov-2024,Wednesday,2,12:30 PM – 02:00 PM,R01,DRV_SecB
13-Nov-2024,Wednesday,2,12:30 PM – 02:00 PM,R02,DSMM_SecA
13-Nov-2024,Wednesday,2,12:30 PM – 02:00 PM,R03,DSMM_SecB
13-Nov-2024,Wednesday,2,12:30 PM – 02:00 PM,R04,EMPP_SecA
14-Dec-2024,Saturday,7,02:15 PM – 03:45 PM,R01,DSMM_SecB
14-Dec-2024,Saturday,7,02:15 PM – 03:45 PM,R02,DTI_SecA
14-Dec-2024,Saturday,7,02:15 PM – 03:45 PM,R03,EMPP_SecA
14-Dec-2024,Saturday,7,04:00 PM – 05:30 PM,R01,IMC_SecA
14-Dec-2024,Saturday,7,04:00 PM – 05:30 PM,R02,IMC_SecB
14-Dec-2024,Saturday,7,04:00 PM – 05:30 PM,R03,REE
14-Dec-2024,Saturday,7,04:00 PM – 05:30 PM,R04,SDM_SecC
14-Dec-2024,Saturday,7,06:15 PM – 07:45 PM,R01,CB_SecA
14-Dec-2024,Saturday,7,06:15 PM – 07:45 PM,R02,CCS_SecB
14-Dec-2024,Saturday,7,06:15 PM – 07:45 PM,R03,ODC_SecA
14-Dec-2024,Saturday,7,06:15 PM – 07:45 PM,R04,SCM_SecB
14-Dec-2024,Saturday,7,09:00 AM – 10:30 AM,R01,CS_SecA
14-Dec-2024,Saturday,7,09:00 AM – 10:30 AM,R02,EMPP_SecA
14-Dec-2024,Saturday,7,09:00 AM – 10:30 AM,R03,SCM_SecA
14-Dec-2024,Saturday,7,10:45 AM – 12:15 PM,R01,BV
14-Dec-2024,Saturday,7,10:45 AM – 12:15 PM,R02,FIS_SecA
14-Dec-2024,Saturday,7,10:45 AM – 12:15 PM,R03,IMKT_SecA
14-Dec-2024,Saturday,7,12:30 PM – 02:00 PM,R01,DTI_SecC
14-Dec-2024,Saturday,7,12:30 PM – 02:00 PM,R02,DT_SecB
14-Dec-2024,Saturday,7,12:30 PM – 02:00 PM,R03,IM_SecB
14-Nov-2024,Thursday,2,02:15 PM – 03:45 PM,R01,CRM_SecA
14-Nov-2024,Thursday,2,02:15 PM – 03:45 PM,R02,FIS_SecB
14-Nov-2024,Thursday,2,02:15 PM – 03:45 PM,R03,FIS_SecC
14-Nov-2024,Thursday,2,02:15 PM – 03:45 PM,R04,SDM_SecB
14-Nov-2024,Thursday,2,09:00 AM – 10:30 AM,R01,DTI_SecB
14-Nov-2024,Thursday,2,09:00 AM – 10:30 AM,R02,SCM_SecB
14-Nov-2024,Thursday,2,10:45 AM – 12:15 PM,R01,IMC_SecA
14-Nov-2024,Thursday,2,10:45 AM – 12:15 PM,R02,IMC_SecB
14-Nov-2024,Thursday,2,10:45 AM – 12:15 PM,R03,PBM_SecC
14-Nov-2024,Thursday,2,12:30 PM – 02:00 PM,R01,CS_SecA
14-Nov-2024,Thursday,2,12:30 PM – 02:00 PM,R02,EMPP_SecA
14-Nov-2024,Thursday,2,12:30 PM – 02:00 PM,R03,SCM_SecA
15-Dec-2024,Sunday,7,02:15 PM – 03:45 PM,R01,IMC_SecB
15-Dec-2024,Sunday,7,02:15 PM – 03:45 PM,R02,IM_SecA
15-Dec-2024,Sunday,7,02:15 PM – 03:45 PM,R03,IM_SecC
15-Dec-2024,Sunday,7,02:15 PM – 03:45 PM,R04,ODC_SecB
15-Dec-2024,Sunday,7,04:00 PM – 05:30 PM,R01,IM_SecB
15-Dec-2024,Sunday,7,04:00 PM – 05:30 PM,R02,IM_SecC
15-Dec-2024,Sunday,7,04:00 PM – 05:30 PM,R03,PRI_SecA
15-Dec-2024,Sunday,7,06:15 PM – 07:45 PM,R01,CRM_SecA
15-Dec-2024,Sunday,7,06:15 PM – 07:45 PM,R02,DT_SecC
15-Dec-2024,Sunday,7,06:15 PM – 07:45 PM,R03,SDM_SecB
15-Dec-2024,Sunday,7,09:00 AM – 10:30 AM,R01,NCM
15-Dec-2024,Sunday,7,09:00 AM – 10:30 AM,R02,PM_SecA
15-Dec-2024,Sunday,7,09:00 AM – 10:30 AM,R03,SDM_SecC
15-Dec-2024,Sunday,7,10:45 AM – 12:15 PM,R01,PBM_SecA
15-Dec-2024,Sunday,7,10:45 AM – 12:15 PM,R02,PBM_SecC
15-Dec-2024,Sunday,7,12:30 PM – 02:00 PM,R01,CS_SecA
15-Dec-2024,Sunday,7,12:30 PM – 02:00 PM,R02,CS_SecB
15-Dec-2024,Sunday,7,12:30 PM – 02:00 PM,R03,PRI_SecA
15-Nov-2024,Friday,3,02:15 PM – 03:45 PM,R01,ODC_SecA
15-Nov-2024,Friday,3,02:15 PM – 03:45 PM,R02,PM_SecA
15-Nov-2024,Friday,3,02:15 PM – 03:45 PM,R03,PM_SecB
15-Nov-2024,Friday,3,04:00 PM – 05:30 PM,R01,CRM_SecC
15-Nov-2024,Friday,3,04:00 PM – 05:30 PM,R02,REE
15-Nov-2024,Friday,3,06:15 PM – 07:45 PM,R01,CB_SecA
15-Nov-2024,Friday,3,06:15 PM – 07:45 PM,R02,CB_SecB
15-Nov-2024,Friday,3,06:15 PM – 07:45 PM,R03,CB_SecC
15-Nov-2024,Friday,3,06:15 PM – 07:45 PM,R04,EMPP_SecB
15-Nov-2024,Friday,3,06:15 PM – 07:45 PM,R05,IM_SecC
15-Nov-2024,Friday,3,09:00 AM – 10:30 AM,R01,DWDV
15-Nov-2024,Friday,3,09:00 AM – 10:30 AM,R02,PRI_SecB
15-Nov-2024,Friday,3,10:45 AM – 12:15 PM,R01,DWDV
15-Nov-2024,Friday,3,10:45 AM – 12:15 PM,R02,PRI_SecB
15-Nov-2024,Friday,3,12:30 PM – 02:00 PM,R01,EMPP_SecB
15-Nov-2024,Friday,3,12:30 PM – 02:00 PM,R02,IM_SecB
15-Nov-2024,Friday,3,12:30 PM – 02:00 PM,R03,SMTI
16-Dec-2024,Monday,7,02:15 PM – 03:45 PM,R01,CB_SecC
16-Dec-2024,Monday,7,02:15 PM – 03:45 PM,R02,DMPA_SecB
16-Dec-2024,Monday,7,02:15 PM – 03:45 PM,R03,IMC_SecA
16-Dec-2024,Monday,7,02:15 PM – 03:45 PM,R04,REE
16-Dec-2024,Monday,7,04:00 PM – 05:30 PM,R01,DTI_SecA
16-Dec-2024,Monday,7,04:00 PM – 05:30 PM,R02,DTI_SecB
16-Dec-2024,Monday,7,04:00 PM – 05:30 PM,R03,REE
16-Dec-2024,Monday,7,06:15 PM – 07:45 PM,R01,CB_SecC
16-Dec-2024,Monday,7,06:15 PM – 07:45 PM,R02,DMPA_SecA
16-Dec-2024,Monday,7,06:15 PM – 07:45 PM,R03,DMPA_SecB
16-Dec-2024,Monday,7,06:15 PM – 07:45 PM,R04,GMRM
16-Dec-2024,Monday,7,09:00 AM – 10:30 AM,R01,CRM_SecB
16-Dec-2024,Monday,7,09:00 AM – 10:30 AM,R02,IMC_SecC
16-Dec-2024,Monday,7,10:45 AM – 12:15 PM,R01,BV
16-Dec-2024,Monday,7,10:45 AM – 12:15 PM,R02,PBM_SecA
16-Dec-2024,Monday,7,10:45 AM – 12:15 PM,R03,PBM_SecB
16-Dec-2024,Monday,7,12:30 PM – 02:00 PM,R01,CRM_SecA
16-Dec-2024,Monday,7,12:30 PM – 02:00 PM,R02,CRM_SecC
16-Nov-2024,Saturday,3,02:15 PM – 03:45 PM,R01,CCS_SecC
16-Nov-2024,Saturday,3,02:15 PM – 03:45 PM,R02,DTI_SecB
16-Nov-2024,Saturday,3,02:15 PM – 03:45 PM,R03,PBM_SecC
16-Nov-2024,Saturday,3,04:00 PM – 05:30 PM,R01,BMS
16-Nov-2024,Saturday,3,04:00 PM – 05:30 PM,R02,FIS_SecC
16-Nov-2024,Saturday,3,06:15 PM – 07:45 PM,R01,CRM_SecA
16-Nov-2024,Saturday,3,06:15 PM – 07:45 PM,R02,CRM_SecB
16-Nov-2024,Saturday,3,06:15 PM – 07:45 PM,R03,CS_SecA
16-Nov-2024,Saturday,3,06:15 PM – 07:45 PM,R04,EMPP_SecB
16-Nov-2024,Saturday,3,09:00 AM – 10:30 AM,R01,BMS
16-Nov-2024,Saturday,3,09:00 AM – 10:30 AM,R02,PM_SecA
16-Nov-2024,Saturday,3,10:45 AM – 12:15 PM,R01,SMTI
16-Nov-2024,Saturday,3,12:30 PM – 02:00 PM,R01,DSMM_SecB
16-Nov-2024,Saturday,3,12:30 PM – 02:00 PM,R02,DTI_SecA
17-Dec-2024,Tuesday,7,02:15 PM – 03:45 PM,R01,DT_SecC
17-Dec-2024,Tuesday,7,02:15 PM – 03:45 PM,R02,GMRM
17-Dec-2024,Tuesday,7,02:15 PM – 03:45 PM,R03,SDM_SecB
17-Dec-2024,Tuesday,7,04:00 PM – 05:30 PM,R01,DT_SecA
17-Dec-2024,Tuesday,7,04:00 PM – 05:30 PM,R02,DT_SecB
17-Dec-2024,Tuesday,7,04:00 PM – 05:30 PM,R03,IM_SecB
17-Dec-2024,Tuesday,7,06:15 PM – 07:45 PM,R01,DRV_SecA
17-Dec-2024,Tuesday,7,06:15 PM – 07:45 PM,R02,DTI_SecC
17-Dec-2024,Tuesday,7,06:15 PM – 07:45 PM,R03,PBM_SecB
17-Dec-2024,Tuesday,7,06:15 PM – 07:45 PM,R04,PM_SecB
17-Dec-2024,Tuesday,7,09:00 AM – 10:30 AM,R01,CB_SecC
17-Dec-2024,Tuesday,7,09:00 AM – 10:30 AM,R02,DTI_SecC
17-Dec-2024,Tuesday,7,09:00 AM – 10:30 AM,R03,DT_SecB
17-Dec-2024,Tuesday,7,10:45 AM – 12:15 PM,R01,BMS
17-Dec-2024,Tuesday,7,10:45 AM – 12:15 PM,R02,PM_SecA
17-Dec-2024,Tuesday,7,12:30 PM – 02:00 PM,R01,IMKT_SecB
17-Dec-2024,Tuesday,7,12:30 PM – 02:00 PM,R02,ODC_SecB
17-Dec-2024,Tuesday,7,12:30 PM – 02:00 PM,R03,PM_SecA
17-Nov-2024,Sunday,3,02:15 PM – 03:45 PM,R01,CB_SecB
17-Nov-2024,Sunday,3,02:15 PM – 03:45 PM,R02,DRV_SecA
17-Nov-2024,Sunday,3,02:15 PM – 03:45 PM,R03,SCM_SecB
17-Nov-2024,Sunday,3,04:00 PM – 05:30 PM,R01,FIS_SecA
17-Nov-2024,Sunday,3,04:00 PM – 05:30 PM,R02,FIS_SecB
17-Nov-2024,Sunday,3,04:00 PM – 05:30 PM,R03,GMRM
17-Nov-2024,Sunday,3,04:00 PM – 05:30 PM,R04,PRI_SecA
17-Nov-2024,Sunday,3,06:15 PM – 07:45 PM,R01,CB_SecA
17-Nov-2024,Sunday,3,06:15 PM – 07:45 PM,R02,CS_SecC
17-Nov-2024,Sunday,3,06:15 PM – 07:45 PM,R03,DRV_SecA
17-Nov-2024,Sunday,3,09:00 AM – 10:30 AM,R01,DMPA_SecB
17-Nov-2024,Sunday,3,09:00 AM – 10:30 AM,R02,DTI_SecB
17-Nov-2024,Sunday,3,09:00 AM – 10:30 AM,R03,IMC_SecC
17-Nov-2024,Sunday,3,10:45 AM – 12:15 PM,R01,CS_SecA
17-Nov-2024,Sunday,3,10:45 AM – 12:15 PM,R02,EMPP_SecA
17-Nov-2024,Sunday,3,10:45 AM – 12:15 PM,R03,SCM_SecA
17-Nov-2024,Sunday,3,12:30 PM – 02:00 PM,R01,CS_SecB
17-Nov-2024,Sunday,3,12:30 PM – 02:00 PM,R02,CS_SecC
17-Nov-2024,Sunday,3,12:30 PM – 02:00 PM,R03,PBM_SecA
18-Dec-2024,Wednesday,7,02:15 PM – 03:45 PM,R01,DWDV
18-Dec-2024,Wednesday,7,02:15 PM – 03:45 PM,R02,PRI_SecB
18-Dec-2024,Wednesday,7,02:15 PM – 03:45 PM,R03,REE
18-Dec-2024,Wednesday,7,04:00 PM – 05:30 PM,R01,CRM_SecB
18-Dec-2024,Wednesday,7,04:00 PM – 05:30 PM,R02,CRM_SecC
18-Dec-2024,Wednesday,7,06:15 PM – 07:45 PM,R01,BV
18-Dec-2024,Wednesday,7,06:15 PM – 07:45 PM,R02,DT_SecB
18-Dec-2024,Wednesday,7,06:15 PM – 07:45 PM,R03,SDM_SecA
18-Dec-2024,Wednesday,7,09:00 AM – 10:30 AM,R01,CRM_SecA
18-Dec-2024,Wednesday,7,09:00 AM – 10:30 AM,R02,CRM_SecB
18-Dec-2024,Wednesday,7,09:00 AM – 10:30 AM,R03,EMPP_SecB
18-Dec-2024,Wednesday,7,09:00 AM – 10:30 AM,R04,FIS_SecB
18-Dec-2024,Wednesday,7,10:45 AM – 12:15 PM,R01,DRV_SecB
18-Dec-2024,Wednesday,7,10:45 AM – 12:15 PM,R02,IMKT_SecB
18-Dec-2024,Wednesday,7,12:30 PM – 02:00 PM,R01,DT_SecC
18-Dec-2024,Wednesday,7,12:30 PM – 02:00 PM,R02,EMPP_SecA
18-Dec-2024,Wednesday,7,12:30 PM – 02:00 PM,R03,SCM_SecA
18-Nov-2024,Monday,3,02:15 PM – 03:45 PM,R01,BMS
18-Nov-2024,Monday,3,02:15 PM – 03:45 PM,R02,IMKT_SecC
18-Nov-2024,Monday,3,04:00 PM – 05:30 PM,R01,CS_SecC
18-Nov-2024,Monday,3,04:00 PM – 05:30 PM,R02,DTI_SecA
18-Nov-2024,Monday,3,06:15 PM – 07:45 PM,R01,DRV_SecB
18-Nov-2024,Monday,3,06:15 PM – 07:45 PM,R02,DT_SecA
18-Nov-2024,Monday,3,06:15 PM – 07:45 PM,R03,ODC_SecB
18-Nov-2024,Monday,3,06:15 PM – 07:45 PM,R04,SDM_SecC
18-Nov-2024,Monday,3,09:00 AM – 10:30 AM,R01,DMPA_SecA
18-Nov-2024,Monday,3,09:00 AM – 10:30 AM,R02,DRV_SecB
18-Nov-2024,Monday,3,09:00 AM – 10:30 AM,R03,DSMM_SecC
18-Nov-2024,Monday,3,10:45 AM – 12:15 PM,R01,CCS_SecA
18-Nov-2024,Monday,3,10:45 AM – 12:15 PM,R02,CCS_SecB
18-Nov-2024,Monday,3,10:45 AM – 12:15 PM,R03,EMPP_SecA
18-Nov-2024,Monday,3,10:45 AM – 12:15 PM,R04,IMKT_SecC
18-Nov-2024,Monday,3,12:30 PM – 02:00 PM,R01,DRV_SecA
18-Nov-2024,Monday,3,12:30 PM – 02:00 PM,R02,IMC_SecB
18-Nov-2024,Monday,3,12:30 PM – 02:00 PM,R03,SCM_SecB
19-Dec-2024,Thursday,7,02:15 PM – 03:45 PM,R01,FIS_SecC
19-Dec-2024,Thursday,7,02:15 PM – 03:45 PM,R02,SDM_SecA
19-Dec-2024,Thursday,7,02:15 PM – 03:45 PM,R03,SDM_SecB
19-Dec-2024,Thursday,7,09:00 AM – 10:30 AM,R01,DMPA_SecA
19-Dec-2024,Thursday,7,09:00 AM – 10:30 AM,R02,DRV_SecA
19-Dec-2024,Thursday,7,09:00 AM – 10:30 AM,R03,EMPP_SecB
19-Dec-2024,Thursday,7,09:00 AM – 10:30 AM,R04,SDM_SecA
19-Dec-2024,Thursday,7,10:45 AM – 12:15 PM,R01,DSMM_SecA
19-Dec-2024,Thursday,7,10:45 AM – 12:15 PM,R02,IMC_SecC
19-Dec-2024,Thursday,7,12:30 PM – 02:00 PM,R01,DTI_SecA
19-Dec-2024,Thursday,7,12:30 PM – 02:00 PM,R02,EMPP_SecA
19-Nov-2024,Tuesday,3,02:15 PM – 03:45 PM,R01,CCS_SecC
19-Nov-2024,Tuesday,3,02:15 PM – 03:45 PM,R02,DSMM_SecA
19-Nov-2024,Tuesday,3,02:15 PM – 03:45 PM,R03,IMKT_SecB
19-Nov-2024,Tuesday,3,04:00 PM – 05:30 PM,R01,DRV_SecA
19-Nov-2024,Tuesday,3,04:00 PM – 05:30 PM,R02,PM_SecB
19-Nov-2024,Tuesday,3,06:15 PM – 07:45 PM,R01,DTI_SecC
19-Nov-2024,Tuesday,3,06:15 PM – 07:45 PM,R02,FIS_SecB
19-Nov-2024,Tuesday,3,06:15 PM – 07:45 PM,R03,PM_SecB
19-Nov-2024,Tuesday,3,09:00 AM – 10:30 AM,R01,CS_SecB
19-Nov-2024,Tuesday,3,09:00 AM – 10:30 AM,R02,EMPP_SecA
19-Nov-2024,Tuesday,3,09:00 AM – 10:30 AM,R03,IM_SecA
19-Nov-2024,Tuesday,3,10:45 AM – 12:15 PM,R01,BMS
19-Nov-2024,Tuesday,3,10:45 AM – 12:15 PM,R02,CB_SecC
19-Nov-2024,Tuesday,3,12:30 PM – 02:00 PM,R01,CRM_SecC
19-Nov-2024,Tuesday,3,12:30 PM – 02:00 PM,R02,PBM_SecA
20-Dec-2024,Friday,8,02:15 PM – 03:45 PM,R01,EMPP_SecA
20-Dec-2024,Friday,8,02:15 PM – 03:45 PM,R02,FIS_SecB
20-Dec-2024,Friday,8,02:15 PM – 03:45 PM,R03,SCM_SecA
20-Dec-2024,Friday,8,04:00 PM – 05:30 PM,R01,DSMM_SecB
20-Dec-2024,Friday,8,04:00 PM – 05:30 PM,R02,DTI_SecA
20-Dec-2024,Friday,8,04:00 PM – 05:30 PM,R03,GMRM
20-Dec-2024,Friday,8,06:15 PM – 07:45 PM,R01,DSMM_SecB
20-Dec-2024,Friday,8,06:15 PM – 07:45 PM,R02,NCM
20-Dec-2024,Friday,8,06:15 PM – 07:45 PM,R03,PBM_SecC
20-Dec-2024,Friday,8,09:00 AM – 10:30 AM,R01,DSMM_SecA
20-Dec-2024,Friday,8,09:00 AM – 10:30 AM,R02,DTI_SecB
20-Dec-2024,Friday,8,09:00 AM – 10:30 AM,R03,IMC_SecC
20-Dec-2024,Friday,8,10:45 AM – 12:15 PM,R01,CB_SecB
20-Dec-2024,Friday,8,10:45 AM – 12:15 PM,R02,IM_SecB
20-Dec-2024,Friday,8,10:45 AM – 12:15 PM,R03,ODC_SecB
20-Dec-2024,Friday,8,10:45 AM – 12:15 PM,R04,PM_SecA
20-Dec-2024,Friday,8,12:30 PM – 02:00 PM,R01,IMC_SecA
20-Dec-2024,Friday,8,12:30 PM – 02:00 PM,R02,IMC_SecB
20-Dec-2024,Friday,8,12:30 PM – 02:00 PM,R03,PBM_SecC
20-Dec-2024,Friday,8,12:30 PM – 02:00 PM,R04,REE
20-Nov-2024,Wednesday,3,02:15 PM – 03:45 PM,R01,DT_SecC
20-Nov-2024,Wednesday,3,02:15 PM – 03:45 PM,R02,SDM_SecA
20-Nov-2024,Wednesday,3,02:15 PM – 03:45 PM,R03,SDM_SecB
20-Nov-2024,Wednesday,3,04:00 PM – 05:30 PM,R01,CS_SecA
20-Nov-2024,Wednesday,3,04:00 PM – 05:30 PM,R02,CS_SecB
20-Nov-2024,Wednesday,3,04:00 PM – 05:30 PM,R03,CS_SecC
20-Nov-2024,Wednesday,3,06:15 PM – 07:45 PM,R01,DTI_SecA
20-Nov-2024,Wednesday,3,06:15 PM – 07:45 PM,R02,SDM_SecA
20-Nov-2024,Wednesday,3,09:00 AM – 10:30 AM,R01,CCS_SecA
20-Nov-2024,Wednesday,3,09:00 AM – 10:30 AM,R02,CCS_SecB
20-Nov-2024,Wednesday,3,09:00 AM – 10:30 AM,R03,NCM
20-Nov-2024,Wednesday,3,09:00 AM – 10:30 AM,R04,SCM_SecB
20-Nov-2024,Wednesday,3,10:45 AM – 12:15 PM,R01,CB_SecC
20-Nov-2024,Wednesday,3,10:45 AM – 12:15 PM,R02,CCS_SecC
20-Nov-2024,Wednesday,3,10:45 AM – 12:15 PM,R03,IM_SecC
20-Nov-2024,Wednesday,3,10:45 AM – 12:15 PM,R04,PRI_SecA
20-Nov-2024,Wednesday,3,12:30 PM – 02:00 PM,R01,CCS_SecC
20-Nov-2024,Wednesday,3,12:30 PM – 02:00 PM,R02,IMKT_SecB
20-Nov-2024,Wednesday,3,12:30 PM – 02:00 PM,R03,PM_SecA
21-Dec-2024,Saturday,8,02:15 PM – 03:45 PM,R01,BV
21-Dec-2024,Saturday,8,02:15 PM – 03:45 PM,R02,DT_SecA
21-Dec-2024,Saturday,8,02:15 PM – 03:45 PM,R03,FIS_SecA
21-Dec-2024,Saturday,8,04:00 PM – 05:30 PM,R01,DSMM_SecB
21-Dec-2024,Saturday,8,04:00 PM – 05:30 PM,R02,DTI_SecA
21-Dec-2024,Saturday,8,06:15 PM – 07:45 PM,R01,BV
21-Dec-2024,Saturday,8,06:15 PM – 07:45 PM,R02,FIS_SecA
21-Dec-2024,Saturday,8,06:15 PM – 07:45 PM,R03,PBM_SecA
21-Dec-2024,Saturday,8,09:00 AM – 10:30 AM,R01,CB_SecA
21-Dec-2024,Saturday,8,09:00 AM – 10:30 AM,R02,CCS_SecB
21-Dec-2024,Saturday,8,09:00 AM – 10:30 AM,R03,CCS_SecC
21-Dec-2024,Saturday,8,09:00 AM – 10:30 AM,R04,SCM_SecB
21-Dec-2024,Saturday,8,10:45 AM – 12:15 PM,R01,CCS_SecC
21-Dec-2024,Saturday,8,10:45 AM – 12:15 PM,R02,CS_SecB
21-Dec-2024,Saturday,8,10:45 AM – 12:15 PM,R03,PRI_SecA
21-Dec-2024,Saturday,8,12:30 PM – 02:00 PM,R01,CCS_SecA
21-Dec-2024,Saturday,8,12:30 PM – 02:00 PM,R02,CCS_SecB
21-Dec-2024,Saturday,8,12:30 PM – 02:00 PM,R03,SCM_SecB
21-Nov-2024,Thursday,3,02:15 PM – 03:45 PM,R01,DT_SecC
21-Nov-2024,Thursday,3,02:15 PM – 03:45 PM,R02,EMPP_SecB
21-Nov-2024,Thursday,3,02:15 PM – 03:45 PM,R03,PRI_SecA
21-Nov-2024,Thursday,3,02:15 PM – 03:45 PM,R04,PRI_SecB
21-Nov-2024,Thursday,3,09:00 AM – 10:30 AM,R01,CRM_SecC
21-Nov-2024,Thursday,3,09:00 AM – 10:30 AM,R02,ODC_SecA
21-Nov-2024,Thursday,3,09:00 AM – 10:30 AM,R03,SCM_SecA
21-Nov-2024,Thursday,3,10:45 AM – 12:15 PM,R01,CCS_SecC
21-Nov-2024,Thursday,3,10:45 AM – 12:15 PM,R02,DSMM_SecA
21-Nov-2024,Thursday,3,10:45 AM – 12:15 PM,R03,IMKT_SecB
21-Nov-2024,Thursday,3,12:30 PM – 02:00 PM,R01,ODC_SecB
21-Nov-2024,Thursday,3,12:30 PM – 02:00 PM,R02,SMTI
22-Dec-2024,Sunday,8,02:15 PM – 03:45 PM,R01,CB_SecA
22-Dec-2024,Sunday,8,02:15 PM – 03:45 PM,R02,CB_SecB
22-Dec-2024,Sunday,8,02:15 PM – 03:45 PM,R03,IM_SecA
22-Dec-2024,Sunday,8,04:00 PM – 05:30 PM,R01,BMS
22-Dec-2024,Sunday,8,04:00 PM – 05:30 PM,R02,PM_SecA
22-Dec-2024,Sunday,8,06:15 PM – 07:45 PM,R01,IMC_SecB
22-Dec-2024,Sunday,8,06:15 PM – 07:45 PM,R02,IMC_SecC
22-Dec-2024,Sunday,8,09:00 AM – 10:30 AM,R01,BMS
22-Dec-2024,Sunday,8,09:00 AM – 10:30 AM,R02,FIS_SecC
22-Dec-2024,Sunday,8,10:45 AM – 12:15 PM,R01,CRM_SecB
22-Dec-2024,Sunday,8,10:45 AM – 12:15 PM,R02,CRM_SecC
22-Dec-2024,Sunday,8,10:45 AM – 12:15 PM,R03,ODC_SecA
22-Dec-2024,Sunday,8,12:30 PM – 02:00 PM,R01,CS_SecB
22-Dec-2024,Sunday,8,12:30 PM – 02:00 PM,R02,CS_SecC
22-Dec-2024,Sunday,8,12:30 PM – 02:00 PM,R03,PBM_SecA
22-Nov-2024,Friday,4,02:15 PM – 03:45 PM,R01,DSMM_SecB
22-Nov-2024,Friday,4,02:15 PM – 03:45 PM,R02,GMRM
22-Nov-2024,Friday,4,02:15 PM – 03:45 PM,R03,PBM_SecC
22-Nov-2024,Friday,4,04:00 PM – 05:30 PM,R01,CCS_SecA
22-Nov-2024,Friday,4,04:00 PM – 05:30 PM,R02,DWDV
22-Nov-2024,Friday,4,04:00 PM – 05:30 PM,R03,PRI_SecB
22-Nov-2024,Friday,4,06:15 PM – 07:45 PM,R01,DRV_SecB
22-Nov-2024,Friday,4,06:15 PM – 07:45 PM,R02,PBM_SecB
22-Nov-2024,Friday,4,06:15 PM – 07:45 PM,R03,PM_SecB
22-Nov-2024,Friday,4,09:00 AM – 10:30 AM,R01,FIS_SecC
22-Nov-2024,Friday,4,09:00 AM – 10:30 AM,R02,PBM_SecB
22-Nov-2024,Friday,4,09:00 AM – 10:30 AM,R03,PM_SecB
22-Nov-2024,Friday,4,10:45 AM – 12:15 PM,R01,CCS_SecA
22-Nov-2024,Friday,4,10:45 AM – 12:15 PM,R02,DWDV
22-Nov-2024,Friday,4,10:45 AM – 12:15 PM,R03,PRI_SecB
22-Nov-2024,Friday,4,10:45 AM – 12:15 PM,R04,REE
22-Nov-2024,Friday,4,12:30 PM – 02:00 PM,R01,DSMM_SecA
22-Nov-2024,Friday,4,12:30 PM – 02:00 PM,R02,IMKT_SecA
22-Nov-2024,Friday,4,12:30 PM – 02:00 PM,R03,IMKT_SecB
23-Dec-2024,Monday,8,02:15 PM – 03:45 PM,R01,DTI_SecC
23-Dec-2024,Monday,8,02:15 PM – 03:45 PM,R02,DT_SecB
23-Dec-2024,Monday,8,02:15 PM – 03:45 PM,R03,PBM_SecC
23-Dec-2024,Monday,8,04:00 PM – 05:30 PM,R01,CB_SecA
23-Dec-2024,Monday,8,04:00 PM – 05:30 PM,R02,CCS_SecB
23-Dec-2024,Monday,8,04:00 PM – 05:30 PM,R03,IM_SecB
23-Dec-2024,Monday,8,06:15 PM – 07:45 PM,R01,CS_SecC
23-Dec-2024,Monday,8,06:15 PM – 07:45 PM,R02,ODC_SecA
23-Dec-2024,Monday,8,06:15 PM – 07:45 PM,R03,SCM_SecA
23-Dec-2024,Monday,8,06:15 PM – 07:45 PM,R04,SDM_SecC
23-Dec-2024,Monday,8,09:00 AM – 10:30 AM,R01,CRM_SecA
23-Dec-2024,Monday,8,09:00 AM – 10:30 AM,R02,CRM_SecB
23-Dec-2024,Monday,8,09:00 AM – 10:30 AM,R03,CS_SecA
23-Dec-2024,Monday,8,09:00 AM – 10:30 AM,R04,ODC_SecB
23-Dec-2024,Monday,8,10:45 AM – 12:15 PM,R01,DSMM_SecC
23-Dec-2024,Monday,8,10:45 AM – 12:15 PM,R02,DWDV
23-Dec-2024,Monday,8,10:45 AM – 12:15 PM,R03,ODC_SecA
23-Dec-2024,Monday,8,12:30 PM – 02:00 PM,R01,BMS
23-Dec-2024,Monday,8,12:30 PM – 02:00 PM,R02,DMPA_SecA
23-Nov-2024,Saturday,4,02:15 PM – 03:45 PM,R01,IMKT_SecC
23-Nov-2024,Saturday,4,02:15 PM – 03:45 PM,R02,SMTI
23-Nov-2024,Saturday,4,04:00 PM – 05:30 PM,R01,SDM_SecA
23-Nov-2024,Saturday,4,04:00 PM – 05:30 PM,R02,SDM_SecB
23-Nov-2024,Saturday,4,04:00 PM – 05:30 PM,R03,SDM_SecC
23-Nov-2024,Saturday,4,06:15 PM – 07:45 PM,R01,CB_SecB
23-Nov-2024,Saturday,4,06:15 PM – 07:45 PM,R02,IM_SecB
23-Nov-2024,Saturday,4,06:15 PM – 07:45 PM,R03,NCM
23-Nov-2024,Saturday,4,06:15 PM – 07:45 PM,R04,PM_SecA
23-Nov-2024,Saturday,4,09:00 AM – 10:30 AM,R01,DTI_SecB
23-Nov-2024,Saturday,4,09:00 AM – 10:30 AM,R02,DTI_SecC
23-Nov-2024,Saturday,4,09:00 AM – 10:30 AM,R03,IM_SecA
23-Nov-2024,Saturday,4,09:00 AM – 10:30 AM,R04,ODC_SecB
23-Nov-2024,Saturday,4,10:45 AM – 12:15 PM,R01,DTI_SecC
23-Nov-2024,Saturday,4,10:45 AM – 12:15 PM,R02,IMKT_SecB
23-Nov-2024,Saturday,4,10:45 AM – 12:15 PM,R03,IMKT_SecC
23-Nov-2024,Saturday,4,12:30 PM – 02:00 PM,R01,CCS_SecA
23-Nov-2024,Saturday,4,12:30 PM – 02:00 PM,R02,CCS_SecB
23-Nov-2024,Saturday,4,12:30 PM – 02:00 PM,R03,ODC_SecA
23-Nov-2024,Saturday,4,12:30 PM – 02:00 PM,R04,SCM_SecB
24-Dec-2024,Tuesday,8,02:15 PM – 03:45 PM,R01,CS_SecC
24-Dec-2024,Tuesday,8,02:15 PM – 03:45 PM,R02,DSMM_SecA
24-Dec-2024,Tuesday,8,04:00 PM – 05:30 PM,R01,DRV_SecB
24-Dec-2024,Tuesday,8,04:00 PM – 05:30 PM,R02,DTI_SecC
24-Dec-2024,Tuesday,8,04:00 PM – 05:30 PM,R03,PBM_SecB
24-Dec-2024,Tuesday,8,04:00 PM – 05:30 PM,R04,PM_SecB
24-Dec-2024,Tuesday,8,06:15 PM – 07:45 PM,R01,DSMM_SecA
24-Dec-2024,Tuesday,8,06:15 PM – 07:45 PM,R02,DTI_SecB
24-Dec-2024,Tuesday,8,06:15 PM – 07:45 PM,R03,IMC_SecC
24-Dec-2024,Tuesday,8,09:00 AM – 10:30 AM,R01,CB_SecC
24-Dec-2024,Tuesday,8,09:00 AM – 10:30 AM,R02,IMC_SecA
24-Dec-2024,Tuesday,8,09:00 AM – 10:30 AM,R03,IM_SecC
24-Dec-2024,Tuesday,8,10:45 AM – 12:15 PM,R01,DMPA_SecA
24-Dec-2024,Tuesday,8,10:45 AM – 12:15 PM,R02,DSMM_SecC
24-Dec-2024,Tuesday,8,10:45 AM – 12:15 PM,R03,IM_SecB
24-Dec-2024,Tuesday,8,12:30 PM – 02:00 PM,R01,CCS_SecA
24-Dec-2024,Tuesday,8,12:30 PM – 02:00 PM,R02,CCS_SecB
24-Dec-2024,Tuesday,8,12:30 PM – 02:00 PM,R03,DTI_SecC
24-Dec-2024,Tuesday,8,12:30 PM – 02:00 PM,R04,IMKT_SecC
24-Nov-2024,Sunday,4,02:15 PM – 03:45 PM,R01,CB_SecB
24-Nov-2024,Sunday,4,02:15 PM – 03:45 PM,R02,CB_SecC
24-Nov-2024,Sunday,4,02:15 PM – 03:45 PM,R03,NCM
24-Nov-2024,Sunday,4,04:00 PM – 05:30 PM,R01,DSMM_SecB
24-Nov-2024,Sunday,4,04:00 PM – 05:30 PM,R02,DTI_SecA
24-Nov-2024,Sunday,4,06:15 PM – 07:45 PM,R01,DT_SecC
24-Nov-2024,Sunday,4,06:15 PM – 07:45 PM,R02,GMRM
24-Nov-2024,Sunday,4,06:15 PM – 07:45 PM,R03,SCM_SecA
24-Nov-2024,Sunday,4,09:00 AM – 10:30 AM,R01,CCS_SecA
24-Nov-2024,Sunday,4,09:00 AM – 10:30 AM,R02,DT_SecC
24-Nov-2024,Sunday,4,09:00 AM – 10:30 AM,R03,PRI_SecB
24-Nov-2024,Sunday,4,09:00 AM – 10:30 AM,R04,REE
24-Nov-2024,Sunday,4,10:45 AM – 12:15 PM,R01,DTI_SecC
24-Nov-2024,Sunday,4,10:45 AM – 12:15 PM,R02,DT_SecA
24-Nov-2024,Sunday,4,10:45 AM – 12:15 PM,R03,PBM_SecC
24-Nov-2024,Sunday,4,12:30 PM – 02:00 PM,R01,FIS_SecA
24-Nov-2024,Sunday,4,12:30 PM – 02:00 PM,R02,FIS_SecC
24-Nov-2024,Sunday,4,12:30 PM – 02:00 PM,R03,IMC_SecA
24-Nov-2024,Sunday,4,12:30 PM – 02:00 PM,R04,IMC_SecB
25-Dec-2024,Wednesday,8,02:15 PM – 03:45 PM,R01,CCS_SecA
25-Dec-2024,Wednesday,8,02:15 PM – 03:45 PM,R02,DRV_SecB
25-Dec-2024,Wednesday,8,02:15 PM – 03:45 PM,R03,EMPP_SecA
25-Dec-2024,Wednesday,8,04:00 PM – 05:30 PM,R01,CRM_SecB
25-Dec-2024,Wednesday,8,04:00 PM – 05:30 PM,R02,CRM_SecC
25-Dec-2024,Wednesday,8,04:00 PM – 05:30 PM,R03,NCM
25-Dec-2024,Wednesday,8,06:15 PM – 07:45 PM,R01,CS_SecA
25-Dec-2024,Wednesday,8,06:15 PM – 07:45 PM,R02,DT_SecB
25-Dec-2024,Wednesday,8,06:15 PM – 07:45 PM,R03,EMPP_SecB
25-Dec-2024,Wednesday,8,06:15 PM – 07:45 PM,R04,IMKT_SecA
25-Dec-2024,Wednesday,8,09:00 AM – 10:30 AM,R01,CS_SecC
25-Dec-2024,Wednesday,8,09:00 AM – 10:30 AM,R02,IMC_SecB
25-Dec-2024,Wednesday,8,09:00 AM – 10:30 AM,R03,IM_SecC
25-Dec-2024,Wednesday,8,10:45 AM – 12:15 PM,R01,DMPA_SecA
25-Dec-2024,Wednesday,8,10:45 AM – 12:15 PM,R02,DMPA_SecB
25-Dec-2024,Wednesday,8,10:45 AM – 12:15 PM,R03,DTI_SecB
25-Dec-2024,Wednesday,8,10:45 AM – 12:15 PM,R04,ODC_SecB
25-Dec-2024,Wednesday,8,12:30 PM – 02:00 PM,R01,CCS_SecB
25-Dec-2024,Wednesday,8,12:30 PM – 02:00 PM,R02,EMPP_SecA
25-Dec-2024,Wednesday,8,12:30 PM – 02:00 PM,R03,IM_SecB
25-Nov-2024,Monday,4,02:15 PM – 03:45 PM,R01,BV
25-Nov-2024,Monday,4,02:15 PM – 03:45 PM,R02,FIS_SecA
25-Nov-2024,Monday,4,02:15 PM – 03:45 PM,R03,SCM_SecA
25-Nov-2024,Monday,4,04:00 PM – 05:30 PM,R01,CRM_SecA
25-Nov-2024,Monday,4,04:00 PM – 05:30 PM,R02,CRM_SecB
25-Nov-2024,Monday,4,04:00 PM – 05:30 PM,R03,CRM_SecC
25-Nov-2024,Monday,4,06:15 PM – 07:45 PM,R01,BMS
25-Nov-2024,Monday,4,06:15 PM – 07:45 PM,R02,DMPA_SecA
25-Nov-2024,Monday,4,09:00 AM – 10:30 AM,R01,IMC_SecA
25-Nov-2024,Monday,4,09:00 AM – 10:30 AM,R02,IMC_SecB
25-Nov-2024,Monday,4,09:00 AM – 10:30 AM,R03,PBM_SecC
25-Nov-2024,Monday,4,09:00 AM – 10:30 AM,R04,REE
25-Nov-2024,Monday,4,10:45 AM – 12:15 PM,R01,CRM_SecA
25-Nov-2024,Monday,4,10:45 AM – 12:15 PM,R02,CRM_SecB
25-Nov-2024,Monday,4,10:45 AM – 12:15 PM,R03,CRM_SecC
25-Nov-2024,Monday,4,12:30 PM – 02:00 PM,R01,FIS_SecB
25-Nov-2024,Monday,4,12:30 PM – 02:00 PM,R02,ODC_SecA
25-Nov-2024,Monday,4,12:30 PM – 02:00 PM,R03,PM_SecB
26-Dec-2024,Thursday,8,02:15 PM – 03:45 PM,R01,DMPA_SecA
26-Dec-2024,Thursday,8,02:15 PM – 03:45 PM,R02,IM_SecA
26-Dec-2024,Thursday,8,02:15 PM – 03:45 PM,R03,IM_SecC
26-Dec-2024,Thursday,8,02:15 PM – 03:45 PM,R04,SDM_SecA
26-Dec-2024,Thursday,8,09:00 AM – 10:30 AM,R01,DWDV
26-Dec-2024,Thursday,8,09:00 AM – 10:30 AM,R02,PRI_SecB
26-Dec-2024,Thursday,8,09:00 AM – 10:30 AM,R03,REE
26-Dec-2024,Thursday,8,10:45 AM – 12:15 PM,R01,BV
26-Dec-2024,Thursday,8,10:45 AM – 12:15 PM,R02,DMPA_SecA
26-Dec-2024,Thursday,8,10:45 AM – 12:15 PM,R03,FIS_SecA
26-Dec-2024,Thursday,8,10:45 AM – 12:15 PM,R04,IMKT_SecA
26-Dec-2024,Thursday,8,12:30 PM – 02:00 PM,R01,CS_SecA
26-Dec-2024,Thursday,8,12:30 PM – 02:00 PM,R02,EMPP_SecA
26-Dec-2024,Thursday,8,12:30 PM – 02:00 PM,R03,SCM_SecA
26-Nov-2024,Tuesday,4,02:15 PM – 03:45 PM,R01,DT_SecC
26-Nov-2024,Tuesday,4,02:15 PM – 03:45 PM,R02,PRI_SecA
26-Nov-2024,Tuesday,4,02:15 PM – 03:45 PM,R03,PRI_SecB
26-Nov-2024,Tuesday,4,04:00 PM – 05:30 PM,R01,BMS
26-Nov-2024,Tuesday,4,04:00 PM – 05:30 PM,R02,CB_SecC
26-Nov-2024,Tuesday,4,06:15 PM – 07:45 PM,R01,DT_SecB
26-Nov-2024,Tuesday,4,06:15 PM – 07:45 PM,R02,GMRM
26-Nov-2024,Tuesday,4,06:15 PM – 07:45 PM,R03,PBM_SecC
26-Nov-2024,Tuesday,4,09:00 AM – 10:30 AM,R01,CS_SecC
26-Nov-2024,Tuesday,4,09:00 AM – 10:30 AM,R02,FIS_SecB
26-Nov-2024,Tuesday,4,09:00 AM – 10:30 AM,R03,PBM_SecA
26-Nov-2024,Tuesday,4,10:45 AM – 12:15 PM,R01,IMKT_SecB
26-Nov-2024,Tuesday,4,10:45 AM – 12:15 PM,R02,ODC_SecA
26-Nov-2024,Tuesday,4,10:45 AM – 12:15 PM,R03,PM_SecA
26-Nov-2024,Tuesday,4,12:30 PM – 02:00 PM,R01,BV
26-Nov-2024,Tuesday,4,12:30 PM – 02:00 PM,R02,IMKT_SecA
26-Nov-2024,Tuesday,4,12:30 PM – 02:00 PM,R03,PBM_SecB
27-Dec-2024,Friday,9,02:15 PM – 03:45 PM,R01,CRM_SecA
27-Dec-2024,Friday,9,02:15 PM – 03:45 PM,R02,CRM_SecB
27-Dec-2024,Friday,9,02:15 PM – 03:45 PM,R03,CS_SecA
27-Dec-2024,Friday,9,04:00 PM – 05:30 PM,R01,DMPA_SecA
27-Dec-2024,Friday,9,04:00 PM – 05:30 PM,R02,FIS_SecA
27-Dec-2024,Friday,9,04:00 PM – 05:30 PM,R03,IM_SecC
27-Dec-2024,Friday,9,04:00 PM – 05:30 PM,R04,SDM_SecA
27-Dec-2024,Friday,9,06:15 PM – 07:45 PM,R01,DMPA_SecA
27-Dec-2024,Friday,9,06:15 PM – 07:45 PM,R02,FIS_SecB
27-Dec-2024,Friday,9,06:15 PM – 07:45 PM,R03,FIS_SecC
27-Dec-2024,Friday,9,06:15 PM – 07:45 PM,R04,SDM_SecA
27-Dec-2024,Friday,9,09:00 AM – 10:30 AM,R01,CB_SecA
27-Dec-2024,Friday,9,09:00 AM – 10:30 AM,R02,CB_SecB
27-Dec-2024,Friday,9,09:00 AM – 10:30 AM,R03,IM_SecA
27-Dec-2024,Friday,9,09:00 AM – 10:30 AM,R04,IM_SecC
27-Dec-2024,Friday,9,10:45 AM – 12:15 PM,R01,CRM_SecB
27-Dec-2024,Friday,9,10:45 AM – 12:15 PM,R02,CRM_SecC
27-Dec-2024,Friday,9,10:45 AM – 12:15 PM,R03,GMRM
27-Dec-2024,Friday,9,12:30 PM – 02:00 PM,R01,EMPP_SecB
27-Dec-2024,Friday,9,12:30 PM – 02:00 PM,R02,IMKT_SecA
27-Dec-2024,Friday,9,12:30 PM – 02:00 PM,R03,IMKT_SecB
27-Nov-2024,Wednesday,4,02:15 PM – 03:45 PM,R01,DT_SecA
27-Nov-2024,Wednesday,4,02:15 PM – 03:45 PM,R02,NCM
27-Nov-2024,Wednesday,4,02:15 PM – 03:45 PM,R03,SDM_SecC
27-Nov-2024,Wednesday,4,04:00 PM – 05:30 PM,R01,CRM_SecC
27-Nov-2024,Wednesday,4,04:00 PM – 05:30 PM,R02,REE
27-Nov-2024,Wednesday,4,06:15 PM – 07:45 PM,R01,DMPA_SecB
27-Nov-2024,Wednesday,4,06:15 PM – 07:45 PM,R02,ODC_SecA
27-Nov-2024,Wednesday,4,06:15 PM – 07:45 PM,R03,ODC_SecB
27-Nov-2024,Wednesday,4,06:15 PM – 07:45 PM,R04,SDM_SecB
27-Nov-2024,Wednesday,4,09:00 AM – 10:30 AM,R01,DRV_SecB
27-Nov-2024,Wednesday,4,09:00 AM – 10:30 AM,R02,IMKT_SecA
27-Nov-2024,Wednesday,4,09:00 AM – 10:30 AM,R03,IMKT_SecB
27-Nov-2024,Wednesday,4,10:45 AM – 12:15 PM,R01,CB_SecC
27-Nov-2024,Wednesday,4,10:45 AM – 12:15 PM,R02,DMPA_SecA
27-Nov-2024,Wednesday,4,10:45 AM – 12:15 PM,R03,DMPA_SecB
27-Nov-2024,Wednesday,4,10:45 AM – 12:15 PM,R04,DSMM_SecC
27-Nov-2024,Wednesday,4,12:30 PM – 02:00 PM,R01,CB_SecB
27-Nov-2024,Wednesday,4,12:30 PM – 02:00 PM,R02,CB_SecC
27-Nov-2024,Wednesday,4,12:30 PM – 02:00 PM,R03,IM_SecC
27-Nov-2024,Wednesday,4,12:30 PM – 02:00 PM,R04,NCM
28-Dec-2024,Saturday,9,02:15 PM – 03:45 PM,R01,DRV_SecA
28-Dec-2024,Saturday,9,02:15 PM – 03:45 PM,R02,EMPP_SecB
28-Dec-2024,Saturday,9,02:15 PM – 03:45 PM,R03,SDM_SecA
28-Dec-2024,Saturday,9,02:15 PM – 03:45 PM,R04,SDM_SecB
28-Dec-2024,Saturday,9,04:00 PM – 05:30 PM,R01,CCS_SecA
28-Dec-2024,Saturday,9,04:00 PM – 05:30 PM,R02,DTI_SecC
28-Dec-2024,Saturday,9,04:00 PM – 05:30 PM,R03,DT_SecA
28-Dec-2024,Saturday,9,04:00 PM – 05:30 PM,R04,DT_SecC
28-Dec-2024,Saturday,9,06:15 PM – 07:45 PM,R01,DWDV
28-Dec-2024,Saturday,9,06:15 PM – 07:45 PM,R02,PRI_SecB
28-Dec-2024,Saturday,9,09:00 AM – 10:30 AM,R01,DTI_SecA
28-Dec-2024,Saturday,9,09:00 AM – 10:30 AM,R02,DTI_SecB
28-Dec-2024,Saturday,9,09:00 AM – 10:30 AM,R03,GMRM
28-Dec-2024,Saturday,9,10:45 AM – 12:15 PM,R01,CCS_SecC
28-Dec-2024,Saturday,9,10:45 AM – 12:15 PM,R02,DSMM_SecA
28-Dec-2024,Saturday,9,10:45 AM – 12:15 PM,R03,DSMM_SecB
28-Dec-2024,Saturday,9,12:30 PM – 02:00 PM,R01,DRV_SecA
28-Dec-2024,Saturday,9,12:30 PM – 02:00 PM,R02,SMTI
28-Nov-2024,Thursday,4,02:15 PM – 03:45 PM,R01,EMPP_SecB
28-Nov-2024,Thursday,4,02:15 PM – 03:45 PM,R02,SMTI
28-Nov-2024,Thursday,4,09:00 AM – 10:30 AM,R01,DMPA_SecB
28-Nov-2024,Thursday,4,09:00 AM – 10:30 AM,R02,DTI_SecB
28-Nov-2024,Thursday,4,09:00 AM – 10:30 AM,R03,IMC_SecC
28-Nov-2024,Thursday,4,10:45 AM – 12:15 PM,R01,EMPP_SecB
28-Nov-2024,Thursday,4,10:45 AM – 12:15 PM,R02,FIS_SecA
28-Nov-2024,Thursday,4,10:45 AM – 12:15 PM,R03,FIS_SecB
28-Nov-2024,Thursday,4,10:45 AM – 12:15 PM,R04,PRI_SecA
28-Nov-2024,Thursday,4,12:30 PM – 02:00 PM,R01,CB_SecB
28-Nov-2024,Thursday,4,12:30 PM – 02:00 PM,R02,DRV_SecA
28-Nov-2024,Thursday,4,12:30 PM – 02:00 PM,R03,SCM_SecB
29-Dec-2024,Sunday,9,02:15 PM – 03:45 PM,R01,DSMM_SecC
29-Dec-2024,Sunday,9,02:15 PM – 03:45 PM,R02,IM_SecB
29-Dec-2024,Sunday,9,02:15 PM – 03:45 PM,R03,PM_SecA
29-Dec-2024,Sunday,9,04:00 PM – 05:30 PM,R01,DTI_SecC
29-Dec-2024,Sunday,9,04:00 PM – 05:30 PM,R02,DT_SecA
29-Dec-2024,Sunday,9,04:00 PM – 05:30 PM,R03,DT_SecB
29-Dec-2024,Sunday,9,04:00 PM – 05:30 PM,R04,DT_SecC
29-Dec-2024,Sunday,9,06:15 PM – 07:45 PM,R01,DWDV
29-Dec-2024,Sunday,9,06:15 PM – 07:45 PM,R02,PRI_SecB
29-Dec-2024,Sunday,9,06:15 PM – 07:45 PM,R03,REE
29-Dec-2024,Sunday,9,09:00 AM – 10:30 AM,R01,CCS_SecA
29-Dec-2024,Sunday,9,09:00 AM – 10:30 AM,R02,CCS_SecB
29-Dec-2024,Sunday,9,09:00 AM – 10:30 AM,R03,NCM
29-Dec-2024,Sunday,9,09:00 AM – 10:30 AM,R04,SCM_SecB
29-Dec-2024,Sunday,9,10:45 AM – 12:15 PM,R01,DMPA_SecB
29-Dec-2024,Sunday,9,10:45 AM – 12:15 PM,R02,EMPP_SecB
29-Dec-2024,Sunday,9,10:45 AM – 12:15 PM,R03,IMC_SecA
29-Dec-2024,Sunday,9,10:45 AM – 12:15 PM,R04,IMC_SecC
29-Dec-2024,Sunday,9,12:30 PM – 02:00 PM,R01,DSMM_SecC
29-Dec-2024,Sunday,9,12:30 PM – 02:00 PM,R02,DWDV
29-Nov-2024,Friday,5,02:15 PM – 03:45 PM,R01,CS_SecB
29-Nov-2024,Friday,5,02:15 PM – 03:45 PM,R02,CS_SecC
29-Nov-2024,Friday,5,02:15 PM – 03:45 PM,R03,IM_SecA
29-Nov-2024,Friday,5,02:15 PM – 03:45 PM,R04,PBM_SecA
29-Nov-2024,Friday,5,04:00 PM – 05:30 PM,R01,BV
29-Nov-2024,Friday,5,04:00 PM – 05:30 PM,R02,CRM_SecB
29-Nov-2024,Friday,5,04:00 PM – 05:30 PM,R03,NCM
29-Nov-2024,Friday,5,06:15 PM – 07:45 PM,R01,PBM_SecA
29-Nov-2024,Friday,5,06:15 PM – 07:45 PM,R02,PBM_SecB
29-Nov-2024,Friday,5,06:15 PM – 07:45 PM,R03,PBM_SecC
29-Nov-2024,Friday,5,09:00 AM – 10:30 AM,R01,DT_SecA
29-Nov-2024,Friday,5,09:00 AM – 10:30 AM,R02,ODC_SecB
29-Nov-2024,Friday,5,09:00 AM – 10:30 AM,R03,SDM_SecC
29-Nov-2024,Friday,5,10:45 AM – 12:15 PM,R01,CB_SecA
29-Nov-2024,Friday,5,10:45 AM – 12:15 PM,R02,CB_SecC
29-Nov-2024,Friday,5,10:45 AM – 12:15 PM,R03,CCS_SecC
29-Nov-2024,Friday,5,10:45 AM – 12:15 PM,R04,IM_SecC
29-Nov-2024,Friday,5,12:30 PM – 02:00 PM,R01,DT_SecA
29-Nov-2024,Friday,5,12:30 PM – 02:00 PM,R02,IM_SecB
29-Nov-2024,Friday,5,12:30 PM – 02:00 PM,R03,IM_SecC
30-Dec-2024,Monday,9,02:15 PM – 03:45 PM,R01,DT_SecB
30-Dec-2024,Monday,9,02:15 PM – 03:45 PM,R02,FIS_SecB
30-Dec-2024,Monday,9,02:15 PM – 03:45 PM,R03,FIS_SecC
30-Dec-2024,Monday,9,02:15 PM – 03:45 PM,R04,IMKT_SecA
30-Dec-2024,Monday,9,04:00 PM – 05:30 PM,R01,BMS
30-Dec-2024,Monday,9,04:00 PM – 05:30 PM,R02,CB_SecC
30-Dec-2024,Monday,9,06:15 PM – 07:45 PM,R01,DMPA_SecA
30-Dec-2024,Monday,9,06:15 PM – 07:45 PM,R02,FIS_SecA
30-Dec-2024,Monday,9,06:15 PM – 07:45 PM,R03,IM_SecC
30-Dec-2024,Monday,9,06:15 PM – 07:45 PM,R04,SDM_SecA
30-Dec-2024,Monday,9,09:00 AM – 10:30 AM,R01,DRV_SecA
30-Dec-2024,Monday,9,09:00 AM – 10:30 AM,R02,SMTI
30-Dec-2024,Monday,9,10:45 AM – 12:15 PM,R01,BMS
30-Dec-2024,Monday,9,10:45 AM – 12:15 PM,R02,ODC_SecB
30-Dec-2024,Monday,9,12:30 PM – 02:00 PM,R01,FIS_SecB
30-Dec-2024,Monday,9,12:30 PM – 02:00 PM,R02,PBM_SecB
30-Dec-2024,Monday,9,12:30 PM – 02:00 PM,R03,PM_SecB
30-Nov-2024,Saturday,5,02:15 PM – 03:45 PM,R01,SDM_SecB
30-Nov-2024,Saturday,5,02:15 PM – 03:45 PM,R02,SDM_SecC
30-Nov-2024,Saturday,5,04:00 PM – 05:30 PM,R01,DTI_SecA
30-Nov-2024,Saturday,5,04:00 PM – 05:30 PM,R02,DTI_SecB
30-Nov-2024,Saturday,5,04:00 PM – 05:30 PM,R03,NCM
30-Nov-2024,Saturday,5,06:15 PM – 07:45 PM,R01,DSMM_SecB
30-Nov-2024,Saturday,5,06:15 PM – 07:45 PM,R02,DSMM_SecC
30-Nov-2024,Saturday,5,06:15 PM – 07:45 PM,R03,DT_SecC
30-Nov-2024,Saturday,5,09:00 AM – 10:30 AM,R01,CCS_SecA
30-Nov-2024,Saturday,5,09:00 AM – 10:30 AM,R02,DT_SecA
30-Nov-2024,Saturday,5,09:00 AM – 10:30 AM,R03,DT_SecC
30-Nov-2024,Saturday,5,09:00 AM – 10:30 AM,R04,GMRM
30-Nov-2024,Saturday,5,10:45 AM – 12:15 PM,R01,IMKT_SecA
30-Nov-2024,Saturday,5,10:45 AM – 12:15 PM,R02,IMKT_SecB
30-Nov-2024,Saturday,5,10:45 AM – 12:15 PM,R03,PM_SecA
30-Nov-2024,Saturday,5,12:30 PM – 02:00 PM,R01,BMS
30-Nov-2024,Saturday,5,12:30 PM – 02:00 PM,R02,IMKT_SecC
31-Dec-2024,Tuesday,9,02:15 PM – 03:45 PM,R01,BV
31-Dec-2024,Tuesday,9,02:15 PM – 03:45 PM,R02,DT_SecA
31-Dec-2024,Tuesday,9,02:15 PM – 03:45 PM,R03,DT_SecB
31-Dec-2024,Tuesday,9,02:15 PM – 03:45 PM,R04,NCM
31-Dec-2024,Tuesday,9,04:00 PM – 05:30 PM,R01,CB_SecC
31-Dec-2024,Tuesday,9,04:00 PM – 05:30 PM,R02,CRM_SecB
31-Dec-2024,Tuesday,9,04:00 PM – 05:30 PM,R03,DMPA_SecB
31-Dec-2024,Tuesday,9,04:00 PM – 05:30 PM,R04,GMRM
31-Dec-2024,Tuesday,9,06:15 PM – 07:45 PM,R01,DWDV
31-Dec-2024,Tuesday,9,06:15 PM – 07:45 PM,R02,PRI_SecB
31-Dec-2024,Tuesday,9,09:00 AM – 10:30 AM,R01,ODC_SecA
31-Dec-2024,Tuesday,9,09:00 AM – 10:30 AM,R02,PM_SecA
31-Dec-2024,Tuesday,9,09:00 AM – 10:30 AM,R03,PM_SecB
31-Dec-2024,Tuesday,9,10:45 AM – 12:15 PM,R01,CS_SecB
31-Dec-2024,Tuesday,9,10:45 AM – 12:15 PM,R02,CS_SecC
31-Dec-2024,Tuesday,9,10:45 AM – 12:15 PM,R03,PBM_SecA
31-Dec-2024,Tuesday,9,12:30 PM – 02:00 PM,R01,IMKT_SecC
31-Dec-2024,Tuesday,9,12:30 PM – 02:00 PM,R02,SMTI
