Date,Day,Week,Time_Slot,Room_Number,Course_Section
"Nov 01, 2024",Friday,1,02:45 PM – 04:15 PM,1,DRV_SecB
"Nov 01, 2024",Friday,1,02:45 PM – 04:15 PM,2,PBM_SecA
"Nov 01, 2024",Friday,1,04:30 PM – 06:00 PM,1,IMC_SecA
"Nov 01, 2024",Friday,1,04:30 PM – 06:00 PM,2,IMKT_SecB
"Nov 01, 2024",Friday,1,06:15 PM – 07:45 PM,1,DRV_SecB
"Nov 01, 2024",Friday,1,06:15 PM – 07:45 PM,2,DSMM_SecA
"Nov 01, 2024",Friday,1,06:15 PM – 07:45 PM,3,EMPP_SecA
"Nov 01, 2024",Friday,1,09:00 AM – 10:30 AM,1,IMKT_SecA
"Nov 01, 2024",Friday,1,09:00 AM – 10:30 AM,2,PM_SecA
"Nov 01, 2024",Friday,1,10:45 AM – 12:15 PM,1,DT_SecB
"Nov 01, 2024",Friday,1,10:45 AM – 12:15 PM,2,EMPP_SecA
"Nov 01, 2024",Friday,1,10:45 AM – 12:15 PM,3,SCM_SecA
"Nov 01, 2024",Friday,1,12:30 PM – 02:00 PM,1,SCM_SecA
"Nov 01, 2024",Friday,1,12:30 PM – 02:00 PM,2,SDM_SecB
"Nov 02, 2024",Saturday,1,02:45 PM – 04:15 PM,1,DT_SecA
"Nov 02, 2024",Saturday,1,02:45 PM – 04:15 PM,2,FIS_SecB
"Nov 02, 2024",Saturday,1,04:30 PM – 06:00 PM,1,CB_SecB
"Nov 02, 2024",Saturday,1,04:30 PM – 06:00 PM,2,DMPA_SecB
"Nov 02, 2024",Saturday,1,04:30 PM – 06:00 PM,3,REE
"Nov 02, 2024",Saturday,1,06:15 PM – 07:45 PM,1,IMC_SecA
"Nov 02, 2024",Saturday,1,06:15 PM – 07:45 PM,2,NCM
"Nov 02, 2024",Saturday,1,06:15 PM – 07:45 PM,3,SDM_SecB
"Nov 02, 2024",Saturday,1,09:00 AM – 10:30 AM,1,IM_SecB
"Nov 02, 2024",Saturday,1,09:00 AM – 10:30 AM,2,PBM_SecA
"Nov 02, 2024",Saturday,1,10:45 AM – 12:15 PM,1,BV
"Nov 02, 2024",Saturday,1,10:45 AM – 12:15 PM,2,ODC_SecB
"Nov 02, 2024",Saturday,1,10:45 AM – 12:15 PM,3,PRI_SecA
"Nov 02, 2024",Saturday,1,12:30 PM – 02:00 PM,1,DMPA_SecA
"Nov 02, 2024",Saturday,1,12:30 PM – 02:00 PM,2,DTI_SecA
"Nov 02, 2024",Saturday,1,12:30 PM – 02:00 PM,3,EMPP_SecB
"Nov 03, 2024",Sunday,1,02:45 PM – 04:15 PM,1,CRM_SecA
"Nov 03, 2024",Sunday,1,02:45 PM – 04:15 PM,2,CS_SecB
"Nov 03, 2024",Sunday,1,02:45 PM – 04:15 PM,3,DRV_SecB
"Nov 03, 2024",Sunday,1,09:00 AM – 10:30 AM,1,DRV_SecB
"Nov 03, 2024",Sunday,1,09:00 AM – 10:30 AM,2,DTI_SecB
"Nov 03, 2024",Sunday,1,09:00 AM – 10:30 AM,3,PM_SecB
"Nov 03, 2024",Sunday,1,10:45 AM – 12:15 PM,1,CB_SecB
"Nov 03, 2024",Sunday,1,10:45 AM – 12:15 PM,2,DMPA_SecA
"Nov 03, 2024",Sunday,1,10:45 AM – 12:15 PM,3,NCM
"Nov 03, 2024",Sunday,1,12:30 PM – 02:00 PM,1,CRM_SecB
"Nov 04, 2024",Monday,1,02:45 PM – 04:15 PM,1,CRM_SecA
"Nov 04, 2024",Monday,1,02:45 PM – 04:15 PM,2,CS_SecB
"Nov 04, 2024",Monday,1,02:45 PM – 04:15 PM,3,DRV_SecB
"Nov 04, 2024",Monday,1,04:30 PM – 06:00 PM,1,DTI_SecB
"Nov 04, 2024",Monday,1,04:30 PM – 06:00 PM,2,IM_SecA
"Nov 04, 2024",Monday,1,04:30 PM – 06:00 PM,3,PM_SecB
"Nov 04, 2024",Monday,1,06:15 PM – 07:45 PM,1,IMC_SecB
"Nov 04, 2024",Monday,1,09:00 AM – 10:30 AM,1,FIS_SecA
"Nov 04, 2024",Monday,1,09:00 AM – 10:30 AM,2,SDM_SecA
"Nov 04, 2024",Monday,1,10:45 AM – 12:15 PM,1,DMPA_SecA
"Nov 04, 2024",Monday,1,10:45 AM – 12:15 PM,2,DTI_SecA
"Nov 04, 2024",Monday,1,12:30 PM – 02:00 PM,1,DMPA_SecA
"Nov 04, 2024",Monday,1,12:30 PM – 02:00 PM,2,DTI_SecA
"Nov 04, 2024",Monday,1,12:30 PM – 02:00 PM,3,ODC_SecA
"Nov 05, 2024",Tuesday,1,02:45 PM – 04:15 PM,1,IMC_SecB
"Nov 05, 2024",Tuesday,1,04:30 PM – 06:00 PM,1,BV
"Nov 05, 2024",Tuesday,1,04:30 PM – 06:00 PM,2,DT_SecA
"Nov 05, 2024",Tuesday,1,04:30 PM – 06:00 PM,3,ODC_SecB
"Nov 05, 2024",Tuesday,1,06:15 PM – 07:45 PM,1,DT_SecA
"Nov 05, 2024",Tuesday,1,06:15 PM – 07:45 PM,2,IM_SecB
"Nov 05, 2024",Tuesday,1,09:00 AM – 10:30 AM,1,BMS
"Nov 05, 2024",Tuesday,1,09:00 AM – 10:30 AM,2,EMPP_SecB
"Nov 05, 2024",Tuesday,1,09:00 AM – 10:30 AM,3,SCM_SecB
"Nov 05, 2024",Tuesday,1,10:45 AM – 12:15 PM,1,CB_SecA
"Nov 05, 2024",Tuesday,1,10:45 AM – 12:15 PM,2,CCS_SecB
"Nov 05, 2024",Tuesday,1,10:45 AM – 12:15 PM,3,SCM_SecB
"Nov 05, 2024",Tuesday,1,12:30 PM – 02:00 PM,1,DMPA_SecA
"Nov 05, 2024",Tuesday,1,12:30 PM – 02:00 PM,2,DTI_SecA
"Nov 06, 2024",Wednesday,1,02:45 PM – 04:15 PM,1,DSMM_SecA
"Nov 06, 2024",Wednesday,1,02:45 PM – 04:15 PM,2,REE
"Nov 06, 2024",Wednesday,1,04:30 PM – 06:00 PM,1,CRM_SecA
"Nov 06, 2024",Wednesday,1,04:30 PM – 06:00 PM,2,CS_SecB
"Nov 06, 2024",Wednesday,1,04:30 PM – 06:00 PM,3,IM_SecA
"Nov 06, 2024",Wednesday,1,06:15 PM – 07:45 PM,1,PBM_SecB
"Nov 06, 2024",Wednesday,1,06:15 PM – 07:45 PM,2,PRI_SecA
"Nov 06, 2024",Wednesday,1,09:00 AM – 10:30 AM,1,CS_SecA
"Nov 06, 2024",Wednesday,1,09:00 AM – 10:30 AM,2,PRI_SecA
"Nov 06, 2024",Wednesday,1,10:45 AM – 12:15 PM,1,DSMM_SecA
"Nov 06, 2024",Wednesday,1,10:45 AM – 12:15 PM,2,DTI_SecB
"Nov 06, 2024",Wednesday,1,12:30 PM – 02:00 PM,1,DT_SecA
"Nov 06, 2024",Wednesday,1,12:30 PM – 02:00 PM,2,GMRM
"Nov 06, 2024",Wednesday,1,12:30 PM – 02:00 PM,3,PBM_SecB
"Nov 07, 2024",Thursday,1,02:45 PM – 04:15 PM,1,FIS_SecA
"Nov 07, 2024",Thursday,1,02:45 PM – 04:15 PM,2,ODC_SecA
"Nov 07, 2024",Thursday,1,02:45 PM – 04:15 PM,3,PRI_SecA
"Nov 07, 2024",Thursday,1,04:30 PM – 06:00 PM,1,CB_SecB
"Nov 07, 2024",Thursday,1,04:30 PM – 06:00 PM,2,GMRM
"Nov 07, 2024",Thursday,1,06:15 PM – 07:45 PM,1,DMPA_SecB
"Nov 07, 2024",Thursday,1,06:15 PM – 07:45 PM,2,SDM_SecA
"Nov 07, 2024",Thursday,1,09:00 AM – 10:30 AM,1,CB_SecB
"Nov 07, 2024",Thursday,1,09:00 AM – 10:30 AM,2,DMPA_SecB
"Nov 07, 2024",Thursday,1,09:00 AM – 10:30 AM,3,GMRM
"Nov 07, 2024",Thursday,1,10:45 AM – 12:15 PM,1,CB_SecA
"Nov 07, 2024",Thursday,1,10:45 AM – 12:15 PM,2,CCS_SecB
"Nov 07, 2024",Thursday,1,10:45 AM – 12:15 PM,3,FIS_SecA
"Nov 07, 2024",Thursday,1,12:30 PM – 02:00 PM,1,DT_SecA
"Nov 07, 2024",Thursday,1,12:30 PM – 02:00 PM,2,IM_SecA
"Nov 08, 2024",Friday,2,02:45 PM – 04:15 PM,1,CS_SecA
"Nov 08, 2024",Friday,2,02:45 PM – 04:15 PM,2,EMPP_SecA
"Nov 08, 2024",Friday,2,02:45 PM – 04:15 PM,3,SCM_SecA
"Nov 08, 2024",Friday,2,04:30 PM – 06:00 PM,1,IM_SecB
"Nov 08, 2024",Friday,2,04:30 PM – 06:00 PM,2,ODC_SecB
"Nov 08, 2024",Friday,2,04:30 PM – 06:00 PM,3,SDM_SecA
"Nov 08, 2024",Friday,2,06:15 PM – 07:45 PM,1,BMS
"Nov 08, 2024",Friday,2,06:15 PM – 07:45 PM,2,SCM_SecB
"Nov 08, 2024",Friday,2,09:00 AM – 10:30 AM,1,PRI_SecA
"Nov 08, 2024",Friday,2,09:00 AM – 10:30 AM,2,SDM_SecB
"Nov 08, 2024",Friday,2,10:45 AM – 12:15 PM,1,DMPA_SecA
"Nov 08, 2024",Friday,2,10:45 AM – 12:15 PM,2,DTI_SecA
"Nov 08, 2024",Friday,2,12:30 PM – 02:00 PM,1,ODC_SecB
"Nov 08, 2024",Friday,2,12:30 PM – 02:00 PM,2,SCM_SecA
"Nov 08, 2024",Friday,2,12:30 PM – 02:00 PM,3,SDM_SecB
"Nov 09, 2024",Saturday,2,02:45 PM – 04:15 PM,1,IMKT_SecA
"Nov 09, 2024",Saturday,2,02:45 PM – 04:15 PM,2,SCM_SecB
"Nov 09, 2024",Saturday,2,04:30 PM – 06:00 PM,1,CS_SecA
"Nov 09, 2024",Saturday,2,06:15 PM – 07:45 PM,1,DSMM_SecB
"Nov 09, 2024",Saturday,2,06:15 PM – 07:45 PM,2,FIS_SecB
"Nov 09, 2024",Saturday,2,09:00 AM – 10:30 AM,1,DT_SecB
"Nov 09, 2024",Saturday,2,09:00 AM – 10:30 AM,2,PRI_SecB
"Nov 09, 2024",Saturday,2,10:45 AM – 12:15 PM,1,IMC_SecB
"Nov 09, 2024",Saturday,2,12:30 PM – 02:00 PM,1,CCS_SecA
"Nov 09, 2024",Saturday,2,12:30 PM – 02:00 PM,2,DWDV
"Nov 09, 2024",Saturday,2,12:30 PM – 02:00 PM,3,ODC_SecB
"Nov 10, 2024",Sunday,2,02:45 PM – 04:15 PM,1,IMC_SecA
"Nov 10, 2024",Sunday,2,02:45 PM – 04:15 PM,2,IMKT_SecB
"Nov 10, 2024",Sunday,2,02:45 PM – 04:15 PM,3,ODC_SecA
"Nov 10, 2024",Sunday,2,09:00 AM – 10:30 AM,1,CCS_SecB
"Nov 10, 2024",Sunday,2,09:00 AM – 10:30 AM,2,SDM_SecB
"Nov 10, 2024",Sunday,2,10:45 AM – 12:15 PM,1,IMC_SecA
"Nov 10, 2024",Sunday,2,10:45 AM – 12:15 PM,2,IMKT_SecB
"Nov 10, 2024",Sunday,2,10:45 AM – 12:15 PM,3,REE
"Nov 10, 2024",Sunday,2,12:30 PM – 02:00 PM,1,PRI_SecB
"Nov 10, 2024",Sunday,2,12:30 PM – 02:00 PM,2,SMTI
"Nov 11, 2024",Monday,2,02:45 PM – 04:15 PM,1,PRI_SecB
"Nov 11, 2024",Monday,2,02:45 PM – 04:15 PM,2,SMTI
"Nov 11, 2024",Monday,2,04:30 PM – 06:00 PM,1,DRV_SecA
"Nov 11, 2024",Monday,2,04:30 PM – 06:00 PM,2,PBM_SecA
"Nov 11, 2024",Monday,2,06:15 PM – 07:45 PM,1,IMKT_SecB
"Nov 11, 2024",Monday,2,06:15 PM – 07:45 PM,2,SMTI
"Nov 11, 2024",Monday,2,09:00 AM – 10:30 AM,1,FIS_SecB
"Nov 11, 2024",Monday,2,09:00 AM – 10:30 AM,2,PM_SecB
"Nov 11, 2024",Monday,2,10:45 AM – 12:15 PM,1,CB_SecA
"Nov 11, 2024",Monday,2,10:45 AM – 12:15 PM,2,FIS_SecA
"Nov 11, 2024",Monday,2,10:45 AM – 12:15 PM,3,GMRM
"Nov 11, 2024",Monday,2,12:30 PM – 02:00 PM,1,CCS_SecA
"Nov 11, 2024",Monday,2,12:30 PM – 02:00 PM,2,DWDV
"Nov 11, 2024",Monday,2,12:30 PM – 02:00 PM,3,ODC_SecA
"Nov 12, 2024",Tuesday,2,02:45 PM – 04:15 PM,1,CS_SecA
"Nov 12, 2024",Tuesday,2,02:45 PM – 04:15 PM,2,PRI_SecA
"Nov 12, 2024",Tuesday,2,04:30 PM – 06:00 PM,1,ODC_SecA
"Nov 12, 2024",Tuesday,2,04:30 PM – 06:00 PM,2,SCM_SecA
"Nov 12, 2024",Tuesday,2,04:30 PM – 06:00 PM,3,SDM_SecB
"Nov 12, 2024",Tuesday,2,06:15 PM – 07:45 PM,1,GMRM
"Nov 12, 2024",Tuesday,2,06:15 PM – 07:45 PM,2,IMC_SecA
"Nov 12, 2024",Tuesday,2,06:15 PM – 07:45 PM,3,SDM_SecB
"Nov 12, 2024",Tuesday,2,09:00 AM – 10:30 AM,1,IMKT_SecA
"Nov 12, 2024",Tuesday,2,09:00 AM – 10:30 AM,2,SCM_SecB
"Nov 12, 2024",Tuesday,2,10:45 AM – 12:15 PM,1,BMS
"Nov 12, 2024",Tuesday,2,10:45 AM – 12:15 PM,2,SCM_SecB
"Nov 12, 2024",Tuesday,2,12:30 PM – 02:00 PM,1,CB_SecB
"Nov 12, 2024",Tuesday,2,12:30 PM – 02:00 PM,2,DMPA_SecA
"Nov 13, 2024",Wednesday,2,02:45 PM – 04:15 PM,1,BMS
"Nov 13, 2024",Wednesday,2,02:45 PM – 04:15 PM,2,SCM_SecB
"Nov 13, 2024",Wednesday,2,04:30 PM – 06:00 PM,1,PRI_SecB
"Nov 13, 2024",Wednesday,2,04:30 PM – 06:00 PM,2,SMTI
"Nov 13, 2024",Wednesday,2,06:15 PM – 07:45 PM,1,CCS_SecA
"Nov 13, 2024",Wednesday,2,06:15 PM – 07:45 PM,2,DWDV
"Nov 13, 2024",Wednesday,2,06:15 PM – 07:45 PM,3,ODC_SecA
"Nov 13, 2024",Wednesday,2,09:00 AM – 10:30 AM,1,IM_SecB
"Nov 13, 2024",Wednesday,2,09:00 AM – 10:30 AM,2,PBM_SecA
"Nov 13, 2024",Wednesday,2,10:45 AM – 12:15 PM,1,CB_SecA
"Nov 13, 2024",Wednesday,2,10:45 AM – 12:15 PM,2,CCS_SecB
"Nov 13, 2024",Wednesday,2,10:45 AM – 12:15 PM,3,PBM_SecB
"Nov 13, 2024",Wednesday,2,12:30 PM – 02:00 PM,1,DT_SecA
"Nov 13, 2024",Wednesday,2,12:30 PM – 02:00 PM,2,IM_SecB
"Nov 14, 2024",Thursday,2,02:45 PM – 04:15 PM,1,IMC_SecA
"Nov 14, 2024",Thursday,2,02:45 PM – 04:15 PM,2,IMKT_SecB
"Nov 14, 2024",Thursday,2,02:45 PM – 04:15 PM,3,NCM
"Nov 14, 2024",Thursday,2,04:30 PM – 06:00 PM,1,IMKT_SecA
"Nov 14, 2024",Thursday,2,04:30 PM – 06:00 PM,2,ODC_SecB
"Nov 14, 2024",Thursday,2,04:30 PM – 06:00 PM,3,PM_SecA
"Nov 14, 2024",Thursday,2,06:15 PM – 07:45 PM,1,PRI_SecA
"Nov 14, 2024",Thursday,2,06:15 PM – 07:45 PM,2,SDM_SecB
"Nov 14, 2024",Thursday,2,09:00 AM – 10:30 AM,1,DRV_SecA
"Nov 14, 2024",Thursday,2,09:00 AM – 10:30 AM,2,DSMM_SecB
"Nov 14, 2024",Thursday,2,09:00 AM – 10:30 AM,3,EMPP_SecB
"Nov 14, 2024",Thursday,2,10:45 AM – 12:15 PM,1,DRV_SecB
"Nov 14, 2024",Thursday,2,10:45 AM – 12:15 PM,2,DSMM_SecA
"Nov 14, 2024",Thursday,2,10:45 AM – 12:15 PM,3,DTI_SecB
"Nov 14, 2024",Thursday,2,12:30 PM – 02:00 PM,1,BV
"Nov 14, 2024",Thursday,2,12:30 PM – 02:00 PM,2,PBM_SecA
"Nov 15, 2024",Friday,3,02:45 PM – 04:15 PM,1,FIS_SecA
"Nov 15, 2024",Friday,3,02:45 PM – 04:15 PM,2,PRI_SecA
"Nov 15, 2024",Friday,3,04:30 PM – 06:00 PM,1,CRM_SecB
"Nov 15, 2024",Friday,3,04:30 PM – 06:00 PM,2,NCM
"Nov 15, 2024",Friday,3,06:15 PM – 07:45 PM,1,BV
"Nov 15, 2024",Friday,3,06:15 PM – 07:45 PM,2,PBM_SecA
"Nov 15, 2024",Friday,3,09:00 AM – 10:30 AM,1,IMC_SecA
"Nov 15, 2024",Friday,3,09:00 AM – 10:30 AM,2,NCM
"Nov 15, 2024",Friday,3,09:00 AM – 10:30 AM,3,SDM_SecB
"Nov 15, 2024",Friday,3,10:45 AM – 12:15 PM,1,DRV_SecA
"Nov 15, 2024",Friday,3,10:45 AM – 12:15 PM,2,SCM_SecB
"Nov 15, 2024",Friday,3,10:45 AM – 12:15 PM,3,SDM_SecA
"Nov 15, 2024",Friday,3,12:30 PM – 02:00 PM,1,CB_SecA
"Nov 15, 2024",Friday,3,12:30 PM – 02:00 PM,2,CCS_SecB
"Nov 15, 2024",Friday,3,12:30 PM – 02:00 PM,3,FIS_SecA
"Nov 16, 2024",Saturday,3,02:45 PM – 04:15 PM,1,DRV_SecA
"Nov 16, 2024",Saturday,3,02:45 PM – 04:15 PM,2,DSMM_SecB
"Nov 16, 2024",Saturday,3,04:30 PM – 06:00 PM,1,IM_SecB
"Nov 16, 2024",Saturday,3,04:30 PM – 06:00 PM,2,PRI_SecA
"Nov 16, 2024",Saturday,3,06:15 PM – 07:45 PM,1,DT_SecB
"Nov 16, 2024",Saturday,3,06:15 PM – 07:45 PM,2,PRI_SecB
"Nov 16, 2024",Saturday,3,09:00 AM – 10:30 AM,1,CCS_SecA
"Nov 16, 2024",Saturday,3,09:00 AM – 10:30 AM,2,DWDV
"Nov 16, 2024",Saturday,3,10:45 AM – 12:15 PM,1,DMPA_SecB
"Nov 16, 2024",Saturday,3,10:45 AM – 12:15 PM,2,DSMM_SecB
"Nov 16, 2024",Saturday,3,12:30 PM – 02:00 PM,1,IMC_SecB
"Nov 17, 2024",Sunday,3,02:45 PM – 04:15 PM,1,DMPA_SecB
"Nov 17, 2024",Sunday,3,02:45 PM – 04:15 PM,2,EMPP_SecB
"Nov 17, 2024",Sunday,3,02:45 PM – 04:15 PM,3,IMC_SecB
"Nov 17, 2024",Sunday,3,09:00 AM – 10:30 AM,1,CB_SecB
"Nov 17, 2024",Sunday,3,09:00 AM – 10:30 AM,2,DMPA_SecB
"Nov 17, 2024",Sunday,3,09:00 AM – 10:30 AM,3,REE
"Nov 17, 2024",Sunday,3,10:45 AM – 12:15 PM,1,CB_SecB
"Nov 17, 2024",Sunday,3,10:45 AM – 12:15 PM,2,DMPA_SecA
"Nov 17, 2024",Sunday,3,12:30 PM – 02:00 PM,1,FIS_SecB
"Nov 17, 2024",Sunday,3,12:30 PM – 02:00 PM,2,PM_SecB
"Nov 18, 2024",Monday,3,02:45 PM – 04:15 PM,1,DT_SecB
"Nov 18, 2024",Monday,3,02:45 PM – 04:15 PM,2,GMRM
"Nov 18, 2024",Monday,3,02:45 PM – 04:15 PM,3,PRI_SecB
"Nov 18, 2024",Monday,3,04:30 PM – 06:00 PM,1,CRM_SecA
"Nov 18, 2024",Monday,3,04:30 PM – 06:00 PM,2,CS_SecA
"Nov 18, 2024",Monday,3,06:15 PM – 07:45 PM,1,DT_SecB
"Nov 18, 2024",Monday,3,06:15 PM – 07:45 PM,2,IMKT_SecA
"Nov 18, 2024",Monday,3,09:00 AM – 10:30 AM,1,CRM_SecA
"Nov 18, 2024",Monday,3,09:00 AM – 10:30 AM,2,CS_SecB
"Nov 18, 2024",Monday,3,09:00 AM – 10:30 AM,3,IM_SecA
"Nov 18, 2024",Monday,3,10:45 AM – 12:15 PM,1,FIS_SecB
"Nov 18, 2024",Monday,3,10:45 AM – 12:15 PM,2,IMKT_SecA
"Nov 18, 2024",Monday,3,12:30 PM – 02:00 PM,1,DSMM_SecA
"Nov 18, 2024",Monday,3,12:30 PM – 02:00 PM,2,REE
"Nov 19, 2024",Tuesday,3,02:45 PM – 04:15 PM,1,PRI_SecB
"Nov 19, 2024",Tuesday,3,02:45 PM – 04:15 PM,2,SMTI
"Nov 19, 2024",Tuesday,3,04:30 PM – 06:00 PM,1,BV
"Nov 19, 2024",Tuesday,3,04:30 PM – 06:00 PM,2,PBM_SecA
"Nov 19, 2024",Tuesday,3,06:15 PM – 07:45 PM,1,FIS_SecB
"Nov 19, 2024",Tuesday,3,06:15 PM – 07:45 PM,2,IMKT_SecA
"Nov 19, 2024",Tuesday,3,09:00 AM – 10:30 AM,1,NCM
"Nov 19, 2024",Tuesday,3,09:00 AM – 10:30 AM,2,SCM_SecA
"Nov 19, 2024",Tuesday,3,09:00 AM – 10:30 AM,3,SDM_SecB
"Nov 19, 2024",Tuesday,3,10:45 AM – 12:15 PM,1,CB_SecB
"Nov 19, 2024",Tuesday,3,10:45 AM – 12:15 PM,2,DMPA_SecB
"Nov 19, 2024",Tuesday,3,10:45 AM – 12:15 PM,3,GMRM
"Nov 19, 2024",Tuesday,3,12:30 PM – 02:00 PM,1,CB_SecB
"Nov 19, 2024",Tuesday,3,12:30 PM – 02:00 PM,2,DMPA_SecB
"Nov 19, 2024",Tuesday,3,12:30 PM – 02:00 PM,3,REE
"Nov 20, 2024",Wednesday,3,02:45 PM – 04:15 PM,1,DMPA_SecA
"Nov 20, 2024",Wednesday,3,02:45 PM – 04:15 PM,2,DTI_SecA
"Nov 20, 2024",Wednesday,3,04:30 PM – 06:00 PM,1,DTI_SecA
"Nov 20, 2024",Wednesday,3,04:30 PM – 06:00 PM,2,NCM
"Nov 20, 2024",Wednesday,3,06:15 PM – 07:45 PM,1,CS_SecB
"Nov 20, 2024",Wednesday,3,06:15 PM – 07:45 PM,2,IM_SecA
"Nov 20, 2024",Wednesday,3,09:00 AM – 10:30 AM,1,FIS_SecA
"Nov 20, 2024",Wednesday,3,09:00 AM – 10:30 AM,2,SDM_SecA
"Nov 20, 2024",Wednesday,3,10:45 AM – 12:15 PM,1,DRV_SecA
"Nov 20, 2024",Wednesday,3,10:45 AM – 12:15 PM,2,DWDV
"Nov 20, 2024",Wednesday,3,12:30 PM – 02:00 PM,1,DRV_SecA
"Nov 20, 2024",Wednesday,3,12:30 PM – 02:00 PM,2,DT_SecA
"Nov 20, 2024",Wednesday,3,12:30 PM – 02:00 PM,3,NCM
"Nov 21, 2024",Thursday,3,02:45 PM – 04:15 PM,1,CB_SecB
"Nov 21, 2024",Thursday,3,02:45 PM – 04:15 PM,2,DMPA_SecB
"Nov 21, 2024",Thursday,3,04:30 PM – 06:00 PM,1,DSMM_SecA
"Nov 21, 2024",Thursday,3,04:30 PM – 06:00 PM,2,EMPP_SecA
"Nov 21, 2024",Thursday,3,06:15 PM – 07:45 PM,1,PRI_SecB
"Nov 21, 2024",Thursday,3,06:15 PM – 07:45 PM,2,SMTI
"Nov 21, 2024",Thursday,3,09:00 AM – 10:30 AM,1,DTI_SecA
"Nov 21, 2024",Thursday,3,09:00 AM – 10:30 AM,2,GMRM
"Nov 21, 2024",Thursday,3,10:45 AM – 12:15 PM,1,DT_SecB
"Nov 21, 2024",Thursday,3,10:45 AM – 12:15 PM,2,PRI_SecB
"Nov 21, 2024",Thursday,3,12:30 PM – 02:00 PM,1,CB_SecA
"Nov 21, 2024",Thursday,3,12:30 PM – 02:00 PM,2,CCS_SecB
"Nov 21, 2024",Thursday,3,12:30 PM – 02:00 PM,3,FIS_SecA
"Nov 22, 2024",Friday,4,02:45 PM – 04:15 PM,1,BV
"Nov 22, 2024",Friday,4,02:45 PM – 04:15 PM,2,IMC_SecA
"Nov 22, 2024",Friday,4,04:30 PM – 06:00 PM,1,DRV_SecA
"Nov 22, 2024",Friday,4,04:30 PM – 06:00 PM,2,SCM_SecB
"Nov 22, 2024",Friday,4,04:30 PM – 06:00 PM,3,SDM_SecA
"Nov 22, 2024",Friday,4,06:15 PM – 07:45 PM,1,EMPP_SecB
"Nov 22, 2024",Friday,4,06:15 PM – 07:45 PM,2,IMC_SecB
"Nov 22, 2024",Friday,4,09:00 AM – 10:30 AM,1,BMS
"Nov 22, 2024",Friday,4,09:00 AM – 10:30 AM,2,EMPP_SecB
"Nov 22, 2024",Friday,4,09:00 AM – 10:30 AM,3,PM_SecA
"Nov 22, 2024",Friday,4,10:45 AM – 12:15 PM,1,PBM_SecB
"Nov 22, 2024",Friday,4,10:45 AM – 12:15 PM,2,SDM_SecA
"Nov 22, 2024",Friday,4,12:30 PM – 02:00 PM,1,IM_SecB
"Nov 22, 2024",Friday,4,12:30 PM – 02:00 PM,2,PBM_SecA
"Nov 23, 2024",Saturday,4,02:45 PM – 04:15 PM,1,BV
"Nov 23, 2024",Saturday,4,02:45 PM – 04:15 PM,2,IMKT_SecA
"Nov 23, 2024",Saturday,4,04:30 PM – 06:00 PM,1,DSMM_SecA
"Nov 23, 2024",Saturday,4,04:30 PM – 06:00 PM,2,REE
"Nov 23, 2024",Saturday,4,06:15 PM – 07:45 PM,1,BMS
"Nov 23, 2024",Saturday,4,06:15 PM – 07:45 PM,2,PM_SecA
"Nov 23, 2024",Saturday,4,09:00 AM – 10:30 AM,1,CB_SecA
"Nov 23, 2024",Saturday,4,09:00 AM – 10:30 AM,2,CCS_SecB
"Nov 23, 2024",Saturday,4,09:00 AM – 10:30 AM,3,SCM_SecB
"Nov 23, 2024",Saturday,4,10:45 AM – 12:15 PM,1,CCS_SecA
"Nov 23, 2024",Saturday,4,10:45 AM – 12:15 PM,2,DWDV
"Nov 23, 2024",Saturday,4,12:30 PM – 02:00 PM,1,CB_SecB
"Nov 23, 2024",Saturday,4,12:30 PM – 02:00 PM,2,DMPA_SecB
"Nov 23, 2024",Saturday,4,12:30 PM – 02:00 PM,3,EMPP_SecB
"Nov 24, 2024",Sunday,4,02:45 PM – 04:15 PM,1,PRI_SecB
"Nov 24, 2024",Sunday,4,02:45 PM – 04:15 PM,2,SMTI
"Nov 24, 2024",Sunday,4,09:00 AM – 10:30 AM,1,PRI_SecB
"Nov 24, 2024",Sunday,4,09:00 AM – 10:30 AM,2,SMTI
"Nov 24, 2024",Sunday,4,10:45 AM – 12:15 PM,1,CS_SecA
"Nov 24, 2024",Sunday,4,10:45 AM – 12:15 PM,2,PRI_SecA
"Nov 24, 2024",Sunday,4,12:30 PM – 02:00 PM,1,FIS_SecA
"Nov 24, 2024",Sunday,4,12:30 PM – 02:00 PM,2,SDM_SecA
"Nov 25, 2024",Monday,4,02:45 PM – 04:15 PM,1,IMKT_SecB
"Nov 25, 2024",Monday,4,02:45 PM – 04:15 PM,2,SMTI
"Nov 25, 2024",Monday,4,04:30 PM – 06:00 PM,1,CRM_SecB
"Nov 25, 2024",Monday,4,04:30 PM – 06:00 PM,2,ODC_SecA
"Nov 25, 2024",Monday,4,06:15 PM – 07:45 PM,1,CRM_SecB
"Nov 25, 2024",Monday,4,09:00 AM – 10:30 AM,1,CS_SecA
"Nov 25, 2024",Monday,4,09:00 AM – 10:30 AM,2,ODC_SecA
"Nov 25, 2024",Monday,4,09:00 AM – 10:30 AM,3,PRI_SecA
"Nov 25, 2024",Monday,4,10:45 AM – 12:15 PM,1,DRV_SecB
"Nov 25, 2024",Monday,4,10:45 AM – 12:15 PM,2,DSMM_SecA
"Nov 25, 2024",Monday,4,10:45 AM – 12:15 PM,3,DTI_SecB
"Nov 25, 2024",Monday,4,12:30 PM – 02:00 PM,1,DRV_SecA
"Nov 25, 2024",Monday,4,12:30 PM – 02:00 PM,2,PM_SecB
"Nov 26, 2024",Tuesday,4,02:45 PM – 04:15 PM,1,BV
"Nov 26, 2024",Tuesday,4,02:45 PM – 04:15 PM,2,PBM_SecA
"Nov 26, 2024",Tuesday,4,04:30 PM – 06:00 PM,1,CB_SecA
"Nov 26, 2024",Tuesday,4,04:30 PM – 06:00 PM,2,CCS_SecB
"Nov 26, 2024",Tuesday,4,04:30 PM – 06:00 PM,3,PBM_SecB
"Nov 26, 2024",Tuesday,4,06:15 PM – 07:45 PM,1,CCS_SecA
"Nov 26, 2024",Tuesday,4,06:15 PM – 07:45 PM,2,DWDV
"Nov 26, 2024",Tuesday,4,09:00 AM – 10:30 AM,1,DRV_SecA
"Nov 26, 2024",Tuesday,4,09:00 AM – 10:30 AM,2,SCM_SecB
"Nov 26, 2024",Tuesday,4,09:00 AM – 10:30 AM,3,SDM_SecA
"Nov 26, 2024",Tuesday,4,10:45 AM – 12:15 PM,1,DRV_SecB
"Nov 26, 2024",Tuesday,4,10:45 AM – 12:15 PM,2,DSMM_SecA
"Nov 26, 2024",Tuesday,4,10:45 AM – 12:15 PM,3,EMPP_SecA
"Nov 26, 2024",Tuesday,4,12:30 PM – 02:00 PM,1,FIS_SecA
"Nov 26, 2024",Tuesday,4,12:30 PM – 02:00 PM,2,SDM_SecA
"Nov 27, 2024",Wednesday,4,02:45 PM – 04:15 PM,1,CB_SecB
"Nov 27, 2024",Wednesday,4,02:45 PM – 04:15 PM,2,DMPA_SecA
"Nov 27, 2024",Wednesday,4,04:30 PM – 06:00 PM,1,DTI_SecA
"Nov 27, 2024",Wednesday,4,04:30 PM – 06:00 PM,2,NCM
"Nov 27, 2024",Wednesday,4,06:15 PM – 07:45 PM,1,IMC_SecA
"Nov 27, 2024",Wednesday,4,06:15 PM – 07:45 PM,2,IMKT_SecB
"Nov 27, 2024",Wednesday,4,09:00 AM – 10:30 AM,1,DMPA_SecB
"Nov 27, 2024",Wednesday,4,09:00 AM – 10:30 AM,2,IMC_SecB
"Nov 27, 2024",Wednesday,4,10:45 AM – 12:15 PM,1,DRV_SecA
"Nov 27, 2024",Wednesday,4,10:45 AM – 12:15 PM,2,PM_SecA
"Nov 27, 2024",Wednesday,4,10:45 AM – 12:15 PM,3,PRI_SecA
"Nov 27, 2024",Wednesday,4,12:30 PM – 02:00 PM,1,DMPA_SecB
"Nov 27, 2024",Wednesday,4,12:30 PM – 02:00 PM,2,IMC_SecB
"Nov 28, 2024",Thursday,4,02:45 PM – 04:15 PM,1,CS_SecB
"Nov 28, 2024",Thursday,4,02:45 PM – 04:15 PM,2,IM_SecA
"Nov 28, 2024",Thursday,4,04:30 PM – 06:00 PM,1,CRM_SecB
"Nov 28, 2024",Thursday,4,06:15 PM – 07:45 PM,1,IMC_SecB
"Nov 28, 2024",Thursday,4,09:00 AM – 10:30 AM,1,DSMM_SecA
"Nov 28, 2024",Thursday,4,09:00 AM – 10:30 AM,2,NCM
"Nov 28, 2024",Thursday,4,10:45 AM – 12:15 PM,1,DSMM_SecB
"Nov 28, 2024",Thursday,4,10:45 AM – 12:15 PM,2,PBM_SecB
"Nov 28, 2024",Thursday,4,12:30 PM – 02:00 PM,1,CB_SecB
"Nov 28, 2024",Thursday,4,12:30 PM – 02:00 PM,2,DMPA_SecA
"Nov 28, 2024",Thursday,4,12:30 PM – 02:00 PM,3,NCM
"Dec 01, 2024",Sunday,5,02:45 PM – 04:15 PM,1,FIS_SecA
"Dec 01, 2024",Sunday,5,02:45 PM – 04:15 PM,2,ODC_SecA
"Dec 01, 2024",Sunday,5,02:45 PM – 04:15 PM,3,PRI_SecA
"Dec 01, 2024",Sunday,5,09:00 AM – 10:30 AM,1,BMS
"Dec 01, 2024",Sunday,5,09:00 AM – 10:30 AM,2,PM_SecA
"Dec 01, 2024",Sunday,5,10:45 AM – 12:15 PM,1,DSMM_SecB
"Dec 01, 2024",Sunday,5,10:45 AM – 12:15 PM,2,PBM_SecB
"Dec 01, 2024",Sunday,5,12:30 PM – 02:00 PM,1,CRM_SecB
"Dec 01, 2024",Sunday,5,12:30 PM – 02:00 PM,2,ODC_SecA
"Dec 02, 2024",Monday,5,02:45 PM – 04:15 PM,1,CRM_SecA
"Dec 02, 2024",Monday,5,02:45 PM – 04:15 PM,2,CS_SecB
"Dec 02, 2024",Monday,5,02:45 PM – 04:15 PM,3,IM_SecA
"Dec 02, 2024",Monday,5,04:30 PM – 06:00 PM,1,DMPA_SecB
"Dec 02, 2024",Monday,5,04:30 PM – 06:00 PM,2,IMC_SecB
"Dec 02, 2024",Monday,5,06:15 PM – 07:45 PM,1,CCS_SecA
"Dec 02, 2024",Monday,5,06:15 PM – 07:45 PM,2,DWDV
"Dec 02, 2024",Monday,5,09:00 AM – 10:30 AM,1,CRM_SecA
"Dec 02, 2024",Monday,5,09:00 AM – 10:30 AM,2,CS_SecB
"Dec 02, 2024",Monday,5,09:00 AM – 10:30 AM,3,IM_SecA
"Dec 02, 2024",Monday,5,10:45 AM – 12:15 PM,1,DSMM_SecA
"Dec 02, 2024",Monday,5,10:45 AM – 12:15 PM,2,NCM
"Dec 02, 2024",Monday,5,12:30 PM – 02:00 PM,1,CB_SecB
"Dec 02, 2024",Monday,5,12:30 PM – 02:00 PM,2,DMPA_SecB
"Dec 02, 2024",Monday,5,12:30 PM – 02:00 PM,3,GMRM
"Dec 03, 2024",Tuesday,5,02:45 PM – 04:15 PM,1,DTI_SecB
"Dec 03, 2024",Tuesday,5,02:45 PM – 04:15 PM,2,IM_SecA
"Dec 03, 2024",Tuesday,5,02:45 PM – 04:15 PM,3,PM_SecB
"Dec 03, 2024",Tuesday,5,04:30 PM – 06:00 PM,1,BMS
"Dec 03, 2024",Tuesday,5,04:30 PM – 06:00 PM,2,EMPP_SecB
"Dec 03, 2024",Tuesday,5,04:30 PM – 06:00 PM,3,IM_SecB
"Dec 03, 2024",Tuesday,5,06:15 PM – 07:45 PM,1,DT_SecB
"Dec 03, 2024",Tuesday,5,06:15 PM – 07:45 PM,2,GMRM
"Dec 03, 2024",Tuesday,5,06:15 PM – 07:45 PM,3,PRI_SecB
"Dec 03, 2024",Tuesday,5,09:00 AM – 10:30 AM,1,CS_SecA
"Dec 03, 2024",Tuesday,5,09:00 AM – 10:30 AM,2,EMPP_SecB
"Dec 03, 2024",Tuesday,5,09:00 AM – 10:30 AM,3,PRI_SecA
"Dec 03, 2024",Tuesday,5,10:45 AM – 12:15 PM,1,ODC_SecB
"Dec 03, 2024",Tuesday,5,10:45 AM – 12:15 PM,2,PBM_SecB
"Dec 03, 2024",Tuesday,5,10:45 AM – 12:15 PM,3,SDM_SecA
"Dec 03, 2024",Tuesday,5,12:30 PM – 02:00 PM,1,CB_SecA
"Dec 03, 2024",Tuesday,5,12:30 PM – 02:00 PM,2,FIS_SecB
"Dec 03, 2024",Tuesday,5,12:30 PM – 02:00 PM,3,GMRM
"Dec 04, 2024",Wednesday,5,02:45 PM – 04:15 PM,1,IMKT_SecA
"Dec 04, 2024",Wednesday,5,02:45 PM – 04:15 PM,2,ODC_SecB
"Dec 04, 2024",Wednesday,5,02:45 PM – 04:15 PM,3,SCM_SecB
"Dec 04, 2024",Wednesday,5,04:30 PM – 06:00 PM,1,DTI_SecA
"Dec 04, 2024",Wednesday,5,06:15 PM – 07:45 PM,1,CCS_SecA
"Dec 04, 2024",Wednesday,5,06:15 PM – 07:45 PM,2,DWDV
"Dec 04, 2024",Wednesday,5,09:00 AM – 10:30 AM,1,DSMM_SecA
"Dec 04, 2024",Wednesday,5,09:00 AM – 10:30 AM,2,DTI_SecB
"Dec 04, 2024",Wednesday,5,10:45 AM – 12:15 PM,1,DSMM_SecB
"Dec 04, 2024",Wednesday,5,10:45 AM – 12:15 PM,2,DT_SecB
"Dec 04, 2024",Wednesday,5,12:30 PM – 02:00 PM,1,CRM_SecB
"Dec 05, 2024",Thursday,5,02:45 PM – 04:15 PM,1,CRM_SecB
"Dec 05, 2024",Thursday,5,04:30 PM – 06:00 PM,1,DTI_SecA
"Dec 05, 2024",Thursday,5,06:15 PM – 07:45 PM,1,DSMM_SecA
"Dec 05, 2024",Thursday,5,06:15 PM – 07:45 PM,2,GMRM
"Dec 05, 2024",Thursday,5,09:00 AM – 10:30 AM,1,DTI_SecB
"Dec 05, 2024",Thursday,5,09:00 AM – 10:30 AM,2,FIS_SecB
"Dec 05, 2024",Thursday,5,09:00 AM – 10:30 AM,3,PM_SecB
"Dec 05, 2024",Thursday,5,10:45 AM – 12:15 PM,1,BV
"Dec 05, 2024",Thursday,5,10:45 AM – 12:15 PM,2,IMC_SecA
"Dec 05, 2024",Thursday,5,12:30 PM – 02:00 PM,1,IMKT_SecA
"Dec 05, 2024",Thursday,5,12:30 PM – 02:00 PM,2,PM_SecA
"Nov 29, 2024",Friday,5,02:45 PM – 04:15 PM,1,IMKT_SecA
"Nov 29, 2024",Friday,5,02:45 PM – 04:15 PM,2,PM_SecA
"Nov 29, 2024",Friday,5,04:30 PM – 06:00 PM,1,CCS_SecA
"Nov 29, 2024",Friday,5,04:30 PM – 06:00 PM,2,DWDV
"Nov 29, 2024",Friday,5,04:30 PM – 06:00 PM,3,ODC_SecA
"Nov 29, 2024",Friday,5,06:15 PM – 07:45 PM,1,PBM_SecA
"Nov 29, 2024",Friday,5,09:00 AM – 10:30 AM,1,DSMM_SecB
"Nov 29, 2024",Friday,5,09:00 AM – 10:30 AM,2,PBM_SecB
"Nov 29, 2024",Friday,5,10:45 AM – 12:15 PM,1,DT_SecA
"Nov 29, 2024",Friday,5,10:45 AM – 12:15 PM,2,EMPP_SecB
"Nov 29, 2024",Friday,5,10:45 AM – 12:15 PM,3,IM_SecB
"Nov 29, 2024",Friday,5,12:30 PM – 02:00 PM,1,CB_SecB
"Nov 29, 2024",Friday,5,12:30 PM – 02:00 PM,2,GMRM
"Nov 30, 2024",Saturday,5,02:45 PM – 04:15 PM,1,DTI_SecB
"Nov 30, 2024",Saturday,5,02:45 PM – 04:15 PM,2,FIS_SecB
"Nov 30, 2024",Saturday,5,02:45 PM – 04:15 PM,3,PM_SecB
"Nov 30, 2024",Saturday,5,04:30 PM – 06:00 PM,1,DT_SecA
"Nov 30, 2024",Saturday,5,04:30 PM – 06:00 PM,2,PBM_SecB
"Nov 30, 2024",Saturday,5,06:15 PM – 07:45 PM,1,CRM_SecB
"Nov 30, 2024",Saturday,5,06:15 PM – 07:45 PM,2,GMRM
"Nov 30, 2024",Saturday,5,09:00 AM – 10:30 AM,1,ODC_SecB
"Nov 30, 2024",Saturday,5,09:00 AM – 10:30 AM,2,SCM_SecA
"Nov 30, 2024",Saturday,5,09:00 AM – 10:30 AM,3,SDM_SecB
"Nov 30, 2024",Saturday,5,10:45 AM – 12:15 PM,1,PRI_SecB
"Nov 30, 2024",Saturday,5,10:45 AM – 12:15 PM,2,SMTI
"Nov 30, 2024",Saturday,5,12:30 PM – 02:00 PM,1,BMS
"Nov 30, 2024",Saturday,5,12:30 PM – 02:00 PM,2,ODC_SecB
"Nov 30, 2024",Saturday,5,12:30 PM – 02:00 PM,3,PM_SecA
"Dec 06, 2024",Friday,6,02:45 PM – 04:15 PM,1,EMPP_SecA
"Dec 06, 2024",Friday,6,02:45 PM – 04:15 PM,2,IMKT_SecB
"Dec 06, 2024",Friday,6,02:45 PM – 04:15 PM,3,SCM_SecA
"Dec 06, 2024",Friday,6,04:30 PM – 06:00 PM,1,CCS_SecA
"Dec 06, 2024",Friday,6,04:30 PM – 06:00 PM,2,DWDV
"Dec 06, 2024",Friday,6,04:30 PM – 06:00 PM,3,REE
"Dec 06, 2024",Friday,6,06:15 PM – 07:45 PM,1,DMPA_SecB
"Dec 06, 2024",Friday,6,06:15 PM – 07:45 PM,2,EMPP_SecB
"Dec 06, 2024",Friday,6,06:15 PM – 07:45 PM,3,IMC_SecB
"Dec 06, 2024",Friday,6,09:00 AM – 10:30 AM,1,EMPP_SecB
"Dec 06, 2024",Friday,6,09:00 AM – 10:30 AM,2,IM_SecB
"Dec 06, 2024",Friday,6,09:00 AM – 10:30 AM,3,PBM_SecA
"Dec 06, 2024",Friday,6,10:45 AM – 12:15 PM,1,DMPA_SecB
"Dec 06, 2024",Friday,6,10:45 AM – 12:15 PM,2,IMC_SecB
"Dec 06, 2024",Friday,6,10:45 AM – 12:15 PM,3,ODC_SecB
"Dec 06, 2024",Friday,6,12:30 PM – 02:00 PM,1,DSMM_SecB
"Dec 06, 2024",Friday,6,12:30 PM – 02:00 PM,2,DT_SecB
"Dec 07, 2024",Saturday,6,02:45 PM – 04:15 PM,1,CRM_SecA
"Dec 07, 2024",Saturday,6,02:45 PM – 04:15 PM,2,CS_SecB
"Dec 07, 2024",Saturday,6,02:45 PM – 04:15 PM,3,IM_SecA
"Dec 07, 2024",Saturday,6,04:30 PM – 06:00 PM,1,CRM_SecB
"Dec 07, 2024",Saturday,6,06:15 PM – 07:45 PM,1,CCS_SecA
"Dec 07, 2024",Saturday,6,06:15 PM – 07:45 PM,2,DWDV
"Dec 07, 2024",Saturday,6,09:00 AM – 10:30 AM,1,IMKT_SecA
"Dec 07, 2024",Saturday,6,09:00 AM – 10:30 AM,2,PM_SecA
"Dec 07, 2024",Saturday,6,10:45 AM – 12:15 PM,1,CRM_SecA
"Dec 07, 2024",Saturday,6,10:45 AM – 12:15 PM,2,CS_SecB
"Dec 07, 2024",Saturday,6,10:45 AM – 12:15 PM,3,DRV_SecB
"Dec 07, 2024",Saturday,6,12:30 PM – 02:00 PM,1,DTI_SecA
"Dec 07, 2024",Saturday,6,12:30 PM – 02:00 PM,2,GMRM
"Dec 08, 2024",Sunday,6,02:45 PM – 04:15 PM,1,CRM_SecA
"Dec 08, 2024",Sunday,6,02:45 PM – 04:15 PM,2,CS_SecB
"Dec 08, 2024",Sunday,6,02:45 PM – 04:15 PM,3,IM_SecA
"Dec 08, 2024",Sunday,6,09:00 AM – 10:30 AM,1,CRM_SecA
"Dec 08, 2024",Sunday,6,09:00 AM – 10:30 AM,2,CS_SecB
"Dec 08, 2024",Sunday,6,09:00 AM – 10:30 AM,3,IM_SecA
"Dec 08, 2024",Sunday,6,10:45 AM – 12:15 PM,1,IMC_SecA
"Dec 08, 2024",Sunday,6,10:45 AM – 12:15 PM,2,IMKT_SecB
"Dec 08, 2024",Sunday,6,10:45 AM – 12:15 PM,3,REE
"Dec 08, 2024",Sunday,6,12:30 PM – 02:00 PM,1,CB_SecA
"Dec 08, 2024",Sunday,6,12:30 PM – 02:00 PM,2,DRV_SecA
"Dec 08, 2024",Sunday,6,12:30 PM – 02:00 PM,3,ODC_SecB
"Dec 08, 2024",Sunday,6,12:30 PM – 02:00 PM,4,SCM_SecB
"Dec 09, 2024",Monday,6,02:45 PM – 04:15 PM,1,BMS
"Dec 09, 2024",Monday,6,02:45 PM – 04:15 PM,2,SCM_SecB
"Dec 09, 2024",Monday,6,04:30 PM – 06:00 PM,1,CB_SecA
"Dec 09, 2024",Monday,6,04:30 PM – 06:00 PM,2,CCS_SecB
"Dec 09, 2024",Monday,6,04:30 PM – 06:00 PM,3,PBM_SecB
"Dec 09, 2024",Monday,6,06:15 PM – 07:45 PM,1,CB_SecB
"Dec 09, 2024",Monday,6,06:15 PM – 07:45 PM,2,DMPA_SecA
"Dec 09, 2024",Monday,6,09:00 AM – 10:30 AM,1,IMKT_SecA
"Dec 09, 2024",Monday,6,09:00 AM – 10:30 AM,2,SCM_SecB
"Dec 09, 2024",Monday,6,10:45 AM – 12:15 PM,1,CB_SecB
"Dec 09, 2024",Monday,6,10:45 AM – 12:15 PM,2,DMPA_SecA
"Dec 09, 2024",Monday,6,10:45 AM – 12:15 PM,3,EMPP_SecB
"Dec 09, 2024",Monday,6,12:30 PM – 02:00 PM,1,DRV_SecB
"Dec 09, 2024",Monday,6,12:30 PM – 02:00 PM,2,DSMM_SecA
"Dec 09, 2024",Monday,6,12:30 PM – 02:00 PM,3,DTI_SecB
"Dec 09, 2024",Monday,6,12:30 PM – 02:00 PM,4,EMPP_SecB
"Dec 10, 2024",Tuesday,6,02:45 PM – 04:15 PM,1,DRV_SecB
"Dec 10, 2024",Tuesday,6,02:45 PM – 04:15 PM,2,DSMM_SecA
"Dec 10, 2024",Tuesday,6,02:45 PM – 04:15 PM,3,EMPP_SecA
"Dec 10, 2024",Tuesday,6,04:30 PM – 06:00 PM,1,DSMM_SecB
"Dec 10, 2024",Tuesday,6,04:30 PM – 06:00 PM,2,DT_SecB
"Dec 10, 2024",Tuesday,6,06:15 PM – 07:45 PM,1,DT_SecB
"Dec 10, 2024",Tuesday,6,06:15 PM – 07:45 PM,2,IMKT_SecA
"Dec 10, 2024",Tuesday,6,09:00 AM – 10:30 AM,1,CS_SecA
"Dec 10, 2024",Tuesday,6,09:00 AM – 10:30 AM,2,ODC_SecA
"Dec 10, 2024",Tuesday,6,09:00 AM – 10:30 AM,3,PRI_SecA
"Dec 10, 2024",Tuesday,6,10:45 AM – 12:15 PM,1,DTI_SecB
"Dec 10, 2024",Tuesday,6,10:45 AM – 12:15 PM,2,FIS_SecB
"Dec 10, 2024",Tuesday,6,10:45 AM – 12:15 PM,3,PM_SecB
"Dec 10, 2024",Tuesday,6,12:30 PM – 02:00 PM,1,BMS
"Dec 10, 2024",Tuesday,6,12:30 PM – 02:00 PM,2,SCM_SecB
"Dec 11, 2024",Wednesday,6,02:45 PM – 04:15 PM,1,CB_SecA
"Dec 11, 2024",Wednesday,6,02:45 PM – 04:15 PM,2,CCS_SecB
"Dec 11, 2024",Wednesday,6,02:45 PM – 04:15 PM,3,FIS_SecA
"Dec 11, 2024",Wednesday,6,04:30 PM – 06:00 PM,1,DT_SecA
"Dec 11, 2024",Wednesday,6,04:30 PM – 06:00 PM,2,IM_SecB
"Dec 11, 2024",Wednesday,6,06:15 PM – 07:45 PM,1,IMC_SecB
"Dec 11, 2024",Wednesday,6,09:00 AM – 10:30 AM,1,DT_SecB
"Dec 11, 2024",Wednesday,6,09:00 AM – 10:30 AM,2,EMPP_SecA
"Dec 11, 2024",Wednesday,6,09:00 AM – 10:30 AM,3,SCM_SecA
"Dec 11, 2024",Wednesday,6,10:45 AM – 12:15 PM,1,IMC_SecA
"Dec 11, 2024",Wednesday,6,10:45 AM – 12:15 PM,2,SDM_SecB
"Dec 11, 2024",Wednesday,6,12:30 PM – 02:00 PM,1,CRM_SecA
"Dec 11, 2024",Wednesday,6,12:30 PM – 02:00 PM,2,CS_SecB
"Dec 11, 2024",Wednesday,6,12:30 PM – 02:00 PM,3,IM_SecA
"Dec 12, 2024",Thursday,6,02:45 PM – 04:15 PM,1,BV
"Dec 12, 2024",Thursday,6,02:45 PM – 04:15 PM,2,DT_SecA
"Dec 12, 2024",Thursday,6,02:45 PM – 04:15 PM,3,NCM
"Dec 12, 2024",Thursday,6,04:30 PM – 06:00 PM,1,CRM_SecB
"Dec 12, 2024",Thursday,6,04:30 PM – 06:00 PM,2,ODC_SecA
"Dec 12, 2024",Thursday,6,06:15 PM – 07:45 PM,1,DT_SecA
"Dec 12, 2024",Thursday,6,06:15 PM – 07:45 PM,2,PBM_SecB
"Dec 12, 2024",Thursday,6,09:00 AM – 10:30 AM,1,DTI_SecB
"Dec 12, 2024",Thursday,6,09:00 AM – 10:30 AM,2,FIS_SecB
"Dec 12, 2024",Thursday,6,09:00 AM – 10:30 AM,3,PM_SecB
"Dec 12, 2024",Thursday,6,10:45 AM – 12:15 PM,1,BV
"Dec 12, 2024",Thursday,6,10:45 AM – 12:15 PM,2,DSMM_SecB
"Dec 12, 2024",Thursday,6,12:30 PM – 02:00 PM,1,BMS
"Dec 12, 2024",Thursday,6,12:30 PM – 02:00 PM,2,PM_SecA
"Dec 13, 2024",Friday,7,02:45 PM – 04:15 PM,1,BV
"Dec 13, 2024",Friday,7,02:45 PM – 04:15 PM,2,DT_SecA
"Dec 13, 2024",Friday,7,02:45 PM – 04:15 PM,3,NCM
"Dec 13, 2024",Friday,7,04:30 PM – 06:00 PM,1,DRV_SecA
"Dec 13, 2024",Friday,7,04:30 PM – 06:00 PM,2,DWDV
"Dec 13, 2024",Friday,7,06:15 PM – 07:45 PM,1,DRV_SecB
"Dec 13, 2024",Friday,7,06:15 PM – 07:45 PM,2,DSMM_SecA
"Dec 13, 2024",Friday,7,06:15 PM – 07:45 PM,3,REE
"Dec 13, 2024",Friday,7,09:00 AM – 10:30 AM,1,IMC_SecA
"Dec 13, 2024",Friday,7,09:00 AM – 10:30 AM,2,IMKT_SecB
"Dec 13, 2024",Friday,7,09:00 AM – 10:30 AM,3,REE
"Dec 13, 2024",Friday,7,10:45 AM – 12:15 PM,1,BMS
"Dec 13, 2024",Friday,7,10:45 AM – 12:15 PM,2,IM_SecB
"Dec 13, 2024",Friday,7,12:30 PM – 02:00 PM,1,DTI_SecB
"Dec 13, 2024",Friday,7,12:30 PM – 02:00 PM,2,FIS_SecB
"Dec 13, 2024",Friday,7,12:30 PM – 02:00 PM,3,PM_SecB
"Dec 14, 2024",Saturday,7,02:45 PM – 04:15 PM,1,CRM_SecB
"Dec 14, 2024",Saturday,7,02:45 PM – 04:15 PM,2,ODC_SecA
"Dec 14, 2024",Saturday,7,04:30 PM – 06:00 PM,1,IMKT_SecA
"Dec 14, 2024",Saturday,7,04:30 PM – 06:00 PM,2,SCM_SecB
"Dec 14, 2024",Saturday,7,06:15 PM – 07:45 PM,1,DTI_SecA
"Dec 14, 2024",Saturday,7,06:15 PM – 07:45 PM,2,REE
"Dec 14, 2024",Saturday,7,09:00 AM – 10:30 AM,1,DT_SecB
"Dec 14, 2024",Saturday,7,09:00 AM – 10:30 AM,2,EMPP_SecB
"Dec 14, 2024",Saturday,7,09:00 AM – 10:30 AM,3,IMC_SecA
"Dec 14, 2024",Saturday,7,10:45 AM – 12:15 PM,1,CCS_SecA
"Dec 14, 2024",Saturday,7,10:45 AM – 12:15 PM,2,DT_SecB
"Dec 14, 2024",Saturday,7,10:45 AM – 12:15 PM,3,EMPP_SecA
"Dec 14, 2024",Saturday,7,12:30 PM – 02:00 PM,1,DTI_SecA
"Dec 14, 2024",Saturday,7,12:30 PM – 02:00 PM,2,ODC_SecB
"Dec 15, 2024",Sunday,7,02:45 PM – 04:15 PM,1,DT_SecA
"Dec 15, 2024",Sunday,7,02:45 PM – 04:15 PM,2,PBM_SecB
"Dec 15, 2024",Sunday,7,09:00 AM – 10:30 AM,1,FIS_SecB
"Dec 15, 2024",Sunday,7,09:00 AM – 10:30 AM,2,PM_SecB
"Dec 15, 2024",Sunday,7,10:45 AM – 12:15 PM,1,BMS
"Dec 15, 2024",Sunday,7,10:45 AM – 12:15 PM,2,PM_SecA
"Dec 15, 2024",Sunday,7,12:30 PM – 02:00 PM,1,CRM_SecA
"Dec 15, 2024",Sunday,7,12:30 PM – 02:00 PM,2,CS_SecB
"Dec 15, 2024",Sunday,7,12:30 PM – 02:00 PM,3,IM_SecA
"Dec 16, 2024",Monday,7,02:45 PM – 04:15 PM,1,IM_SecA
"Dec 16, 2024",Monday,7,02:45 PM – 04:15 PM,2,PBM_SecA
"Dec 16, 2024",Monday,7,04:30 PM – 06:00 PM,1,DRV_SecB
"Dec 16, 2024",Monday,7,04:30 PM – 06:00 PM,2,PRI_SecA
"Dec 16, 2024",Monday,7,04:30 PM – 06:00 PM,3,SDM_SecB
"Dec 16, 2024",Monday,7,06:15 PM – 07:45 PM,1,CCS_SecB
"Dec 16, 2024",Monday,7,06:15 PM – 07:45 PM,2,SDM_SecB
"Dec 16, 2024",Monday,7,09:00 AM – 10:30 AM,1,IM_SecB
"Dec 16, 2024",Monday,7,09:00 AM – 10:30 AM,2,PBM_SecA
"Dec 16, 2024",Monday,7,10:45 AM – 12:15 PM,1,CCS_SecA
"Dec 16, 2024",Monday,7,10:45 AM – 12:15 PM,2,DWDV
"Dec 16, 2024",Monday,7,10:45 AM – 12:15 PM,3,GMRM
"Dec 16, 2024",Monday,7,12:30 PM – 02:00 PM,1,CCS_SecA
"Dec 16, 2024",Monday,7,12:30 PM – 02:00 PM,2,ODC_SecA
"Dec 16, 2024",Monday,7,12:30 PM – 02:00 PM,3,SCM_SecB
"Dec 17, 2024",Tuesday,7,02:45 PM – 04:15 PM,1,FIS_SecB
"Dec 17, 2024",Tuesday,7,02:45 PM – 04:15 PM,2,PM_SecB
"Dec 17, 2024",Tuesday,7,04:30 PM – 06:00 PM,1,CCS_SecA
"Dec 17, 2024",Tuesday,7,04:30 PM – 06:00 PM,2,DWDV
"Dec 17, 2024",Tuesday,7,04:30 PM – 06:00 PM,3,REE
"Dec 17, 2024",Tuesday,7,06:15 PM – 07:45 PM,1,IMC_SecA
"Dec 17, 2024",Tuesday,7,06:15 PM – 07:45 PM,2,ODC_SecB
"Dec 17, 2024",Tuesday,7,06:15 PM – 07:45 PM,3,SDM_SecB
"Dec 17, 2024",Tuesday,7,09:00 AM – 10:30 AM,1,PRI_SecB
"Dec 17, 2024",Tuesday,7,09:00 AM – 10:30 AM,2,SMTI
"Dec 17, 2024",Tuesday,7,10:45 AM – 12:15 PM,1,IMC_SecB
"Dec 17, 2024",Tuesday,7,12:30 PM – 02:00 PM,1,CRM_SecA
"Dec 17, 2024",Tuesday,7,12:30 PM – 02:00 PM,2,CS_SecA
"Dec 18, 2024",Wednesday,7,02:45 PM – 04:15 PM,1,BV
"Dec 18, 2024",Wednesday,7,02:45 PM – 04:15 PM,2,DSMM_SecB
"Dec 18, 2024",Wednesday,7,04:30 PM – 06:00 PM,1,CCS_SecA
"Dec 18, 2024",Wednesday,7,04:30 PM – 06:00 PM,2,DWDV
"Dec 18, 2024",Wednesday,7,04:30 PM – 06:00 PM,3,REE
"Dec 18, 2024",Wednesday,7,06:15 PM – 07:45 PM,1,CS_SecA
"Dec 18, 2024",Wednesday,7,06:15 PM – 07:45 PM,2,EMPP_SecA
"Dec 18, 2024",Wednesday,7,06:15 PM – 07:45 PM,3,SCM_SecA
"Dec 18, 2024",Wednesday,7,09:00 AM – 10:30 AM,1,CB_SecB
"Dec 18, 2024",Wednesday,7,09:00 AM – 10:30 AM,2,DMPA_SecA
"Dec 18, 2024",Wednesday,7,10:45 AM – 12:15 PM,1,FIS_SecA
"Dec 18, 2024",Wednesday,7,10:45 AM – 12:15 PM,2,SDM_SecA
"Dec 18, 2024",Wednesday,7,12:30 PM – 02:00 PM,1,IMKT_SecB
"Dec 18, 2024",Wednesday,7,12:30 PM – 02:00 PM,2,SMTI
"Dec 19, 2024",Thursday,7,02:45 PM – 04:15 PM,1,CS_SecA
"Dec 19, 2024",Thursday,7,02:45 PM – 04:15 PM,2,NCM
"Dec 19, 2024",Thursday,7,02:45 PM – 04:15 PM,3,SCM_SecA
"Dec 19, 2024",Thursday,7,04:30 PM – 06:00 PM,1,BV
"Dec 19, 2024",Thursday,7,04:30 PM – 06:00 PM,2,IMKT_SecA
"Dec 19, 2024",Thursday,7,06:15 PM – 07:45 PM,1,PM_SecA
"Dec 19, 2024",Thursday,7,06:15 PM – 07:45 PM,2,PRI_SecA
"Dec 19, 2024",Thursday,7,09:00 AM – 10:30 AM,1,IMKT_SecA
"Dec 19, 2024",Thursday,7,09:00 AM – 10:30 AM,2,PM_SecA
"Dec 19, 2024",Thursday,7,10:45 AM – 12:15 PM,1,CRM_SecB
"Dec 19, 2024",Thursday,7,10:45 AM – 12:15 PM,2,ODC_SecA
"Dec 19, 2024",Thursday,7,12:30 PM – 02:00 PM,1,CRM_SecA
"Dec 19, 2024",Thursday,7,12:30 PM – 02:00 PM,2,CS_SecB
"Dec 20, 2024",Friday,8,02:45 PM – 04:15 PM,1,PRI_SecB
"Dec 20, 2024",Friday,8,02:45 PM – 04:15 PM,2,SMTI
"Dec 20, 2024",Friday,8,04:30 PM – 06:00 PM,1,PRI_SecB
"Dec 20, 2024",Friday,8,04:30 PM – 06:00 PM,2,SMTI
"Dec 20, 2024",Friday,8,06:15 PM – 07:45 PM,1,DMPA_SecB
"Dec 20, 2024",Friday,8,06:15 PM – 07:45 PM,2,IMC_SecB
"Dec 20, 2024",Friday,8,09:00 AM – 10:30 AM,1,CS_SecA
"Dec 20, 2024",Friday,8,09:00 AM – 10:30 AM,2,PRI_SecA
"Dec 20, 2024",Friday,8,10:45 AM – 12:15 PM,1,DRV_SecB
"Dec 20, 2024",Friday,8,10:45 AM – 12:15 PM,2,DTI_SecB
"Dec 20, 2024",Friday,8,10:45 AM – 12:15 PM,3,PM_SecB
"Dec 20, 2024",Friday,8,12:30 PM – 02:00 PM,1,DMPA_SecB
"Dec 20, 2024",Friday,8,12:30 PM – 02:00 PM,2,IMC_SecB
"Dec 21, 2024",Saturday,8,02:45 PM – 04:15 PM,1,CB_SecA
"Dec 21, 2024",Saturday,8,02:45 PM – 04:15 PM,2,FIS_SecA
"Dec 21, 2024",Saturday,8,04:30 PM – 06:00 PM,1,DSMM_SecA
"Dec 21, 2024",Saturday,8,04:30 PM – 06:00 PM,2,GMRM
"Dec 21, 2024",Saturday,8,06:15 PM – 07:45 PM,1,DRV_SecA
"Dec 21, 2024",Saturday,8,06:15 PM – 07:45 PM,2,DWDV
"Dec 21, 2024",Saturday,8,06:15 PM – 07:45 PM,3,REE
"Dec 21, 2024",Saturday,8,09:00 AM – 10:30 AM,1,CCS_SecB
"Dec 21, 2024",Saturday,8,09:00 AM – 10:30 AM,2,SDM_SecB
"Dec 21, 2024",Saturday,8,10:45 AM – 12:15 PM,1,IMC_SecA
"Dec 21, 2024",Saturday,8,10:45 AM – 12:15 PM,2,IMKT_SecB
"Dec 21, 2024",Saturday,8,12:30 PM – 02:00 PM,1,DT_SecB
"Dec 21, 2024",Saturday,8,12:30 PM – 02:00 PM,2,EMPP_SecA
"Dec 21, 2024",Saturday,8,12:30 PM – 02:00 PM,3,SCM_SecA
"Dec 22, 2024",Sunday,8,02:45 PM – 04:15 PM,1,DSMM_SecB
"Dec 22, 2024",Sunday,8,02:45 PM – 04:15 PM,2,DT_SecB
"Dec 22, 2024",Sunday,8,09:00 AM – 10:30 AM,1,FIS_SecB
"Dec 22, 2024",Sunday,8,09:00 AM – 10:30 AM,2,PBM_SecA
"Dec 22, 2024",Sunday,8,10:45 AM – 12:15 PM,1,DRV_SecB
"Dec 22, 2024",Sunday,8,10:45 AM – 12:15 PM,2,DSMM_SecA
"Dec 22, 2024",Sunday,8,10:45 AM – 12:15 PM,3,REE
"Dec 22, 2024",Sunday,8,12:30 PM – 02:00 PM,1,DRV_SecA
"Dec 22, 2024",Sunday,8,12:30 PM – 02:00 PM,2,DT_SecA
"Dec 23, 2024",Monday,8,02:45 PM – 04:15 PM,1,CS_SecB
"Dec 23, 2024",Monday,8,02:45 PM – 04:15 PM,2,IM_SecA
"Dec 23, 2024",Monday,8,04:30 PM – 06:00 PM,1,EMPP_SecB
"Dec 23, 2024",Monday,8,04:30 PM – 06:00 PM,2,IMC_SecA
"Dec 23, 2024",Monday,8,04:30 PM – 06:00 PM,3,IMKT_SecB
"Dec 23, 2024",Monday,8,06:15 PM – 07:45 PM,1,PRI_SecB
"Dec 23, 2024",Monday,8,06:15 PM – 07:45 PM,2,SMTI
"Dec 23, 2024",Monday,8,09:00 AM – 10:30 AM,1,IMC_SecA
"Dec 23, 2024",Monday,8,09:00 AM – 10:30 AM,2,IMKT_SecB
"Dec 23, 2024",Monday,8,10:45 AM – 12:15 PM,1,CB_SecA
"Dec 23, 2024",Monday,8,10:45 AM – 12:15 PM,2,FIS_SecA
"Dec 23, 2024",Monday,8,10:45 AM – 12:15 PM,3,GMRM
"Dec 23, 2024",Monday,8,12:30 PM – 02:00 PM,1,DT_SecB
"Dec 23, 2024",Monday,8,12:30 PM – 02:00 PM,2,EMPP_SecA
"Dec 23, 2024",Monday,8,12:30 PM – 02:00 PM,3,SCM_SecA
"Dec 24, 2024",Tuesday,8,02:45 PM – 04:15 PM,1,DT_SecB
"Dec 24, 2024",Tuesday,8,02:45 PM – 04:15 PM,2,IMKT_SecA
"Dec 24, 2024",Tuesday,8,04:30 PM – 06:00 PM,1,IM_SecB
"Dec 24, 2024",Tuesday,8,04:30 PM – 06:00 PM,2,SDM_SecA
"Dec 24, 2024",Tuesday,8,06:15 PM – 07:45 PM,1,CB_SecB
"Dec 24, 2024",Tuesday,8,06:15 PM – 07:45 PM,2,GMRM
"Dec 24, 2024",Tuesday,8,09:00 AM – 10:30 AM,1,DTI_SecA
"Dec 24, 2024",Tuesday,8,09:00 AM – 10:30 AM,2,REE
"Dec 24, 2024",Tuesday,8,10:45 AM – 12:15 PM,1,IM_SecB
"Dec 24, 2024",Tuesday,8,10:45 AM – 12:15 PM,2,SDM_SecA
"Dec 24, 2024",Tuesday,8,12:30 PM – 02:00 PM,1,DT_SecA
"Dec 24, 2024",Tuesday,8,12:30 PM – 02:00 PM,2,FIS_SecB
"Dec 25, 2024",Wednesday,8,02:45 PM – 04:15 PM,1,DT_SecA
"Dec 25, 2024",Wednesday,8,02:45 PM – 04:15 PM,2,PBM_SecB
"Dec 25, 2024",Wednesday,8,04:30 PM – 06:00 PM,1,DRV_SecB
"Dec 25, 2024",Wednesday,8,04:30 PM – 06:00 PM,2,DTI_SecB
"Dec 25, 2024",Wednesday,8,04:30 PM – 06:00 PM,3,PM_SecB
"Dec 25, 2024",Wednesday,8,06:15 PM – 07:45 PM,1,CRM_SecB
"Dec 25, 2024",Wednesday,8,06:15 PM – 07:45 PM,2,NCM
"Dec 25, 2024",Wednesday,8,09:00 AM – 10:30 AM,1,CS_SecA
"Dec 25, 2024",Wednesday,8,09:00 AM – 10:30 AM,2,PRI_SecA
"Dec 25, 2024",Wednesday,8,10:45 AM – 12:15 PM,1,CB_SecA
"Dec 25, 2024",Wednesday,8,10:45 AM – 12:15 PM,2,CCS_SecB
"Dec 25, 2024",Wednesday,8,10:45 AM – 12:15 PM,3,FIS_SecA
"Dec 25, 2024",Wednesday,8,12:30 PM – 02:00 PM,1,IMC_SecB
"Dec 26, 2024",Thursday,8,02:45 PM – 04:15 PM,1,IMC_SecB
"Dec 26, 2024",Thursday,8,04:30 PM – 06:00 PM,1,PRI_SecB
"Dec 26, 2024",Thursday,8,04:30 PM – 06:00 PM,2,SMTI
"Dec 26, 2024",Thursday,8,06:15 PM – 07:45 PM,1,DRV_SecA
"Dec 26, 2024",Thursday,8,06:15 PM – 07:45 PM,2,DSMM_SecB
"Dec 26, 2024",Thursday,8,09:00 AM – 10:30 AM,1,CB_SecA
"Dec 26, 2024",Thursday,8,09:00 AM – 10:30 AM,2,IM_SecB
"Dec 26, 2024",Thursday,8,10:45 AM – 12:15 PM,1,CCS_SecA
"Dec 26, 2024",Thursday,8,10:45 AM – 12:15 PM,2,DWDV
"Dec 26, 2024",Thursday,8,10:45 AM – 12:15 PM,3,REE
"Dec 26, 2024",Thursday,8,12:30 PM – 02:00 PM,1,CS_SecA
"Dec 26, 2024",Thursday,8,12:30 PM – 02:00 PM,2,EMPP_SecA
"Dec 26, 2024",Thursday,8,12:30 PM – 02:00 PM,3,SCM_SecA
"Dec 27, 2024",Friday,9,02:45 PM – 04:15 PM,1,CRM_SecB
"Dec 27, 2024",Friday,9,04:30 PM – 06:00 PM,1,CRM_SecB
"Dec 27, 2024",Friday,9,06:15 PM – 07:45 PM,1,DRV_SecA
"Dec 27, 2024",Friday,9,06:15 PM – 07:45 PM,2,DSMM_SecB
"Dec 27, 2024",Friday,9,09:00 AM – 10:30 AM,1,IMC_SecA
"Dec 27, 2024",Friday,9,09:00 AM – 10:30 AM,2,ODC_SecA
"Dec 27, 2024",Friday,9,09:00 AM – 10:30 AM,3,SDM_SecB
"Dec 27, 2024",Friday,9,10:45 AM – 12:15 PM,1,DRV_SecA
"Dec 27, 2024",Friday,9,10:45 AM – 12:15 PM,2,PBM_SecA
"Dec 27, 2024",Friday,9,12:30 PM – 02:00 PM,1,DSMM_SecB
"Dec 27, 2024",Friday,9,12:30 PM – 02:00 PM,2,PBM_SecB
"Dec 28, 2024",Saturday,9,02:45 PM – 04:15 PM,1,FIS_SecA
"Dec 28, 2024",Saturday,9,02:45 PM – 04:15 PM,2,SDM_SecA
"Dec 28, 2024",Saturday,9,04:30 PM – 06:00 PM,1,DMPA_SecA
"Dec 28, 2024",Saturday,9,04:30 PM – 06:00 PM,2,DTI_SecA
"Dec 28, 2024",Saturday,9,04:30 PM – 06:00 PM,3,ODC_SecA
"Dec 28, 2024",Saturday,9,06:15 PM – 07:45 PM,1,CRM_SecA
"Dec 28, 2024",Saturday,9,06:15 PM – 07:45 PM,2,CS_SecA
"Dec 28, 2024",Saturday,9,09:00 AM – 10:30 AM,1,IMKT_SecB
"Dec 28, 2024",Saturday,9,09:00 AM – 10:30 AM,2,SMTI
"Dec 28, 2024",Saturday,9,10:45 AM – 12:15 PM,1,CS_SecA
"Dec 28, 2024",Saturday,9,10:45 AM – 12:15 PM,2,NCM
"Dec 28, 2024",Saturday,9,10:45 AM – 12:15 PM,3,SCM_SecA
"Dec 28, 2024",Saturday,9,12:30 PM – 02:00 PM,1,BV
"Dec 28, 2024",Saturday,9,12:30 PM – 02:00 PM,2,PBM_SecA
"Dec 29, 2024",Sunday,9,02:45 PM – 04:15 PM,1,IM_SecB
"Dec 29, 2024",Sunday,9,02:45 PM – 04:15 PM,2,PBM_SecA
"Dec 29, 2024",Sunday,9,09:00 AM – 10:30 AM,1,DMPA_SecA
"Dec 29, 2024",Sunday,9,09:00 AM – 10:30 AM,2,DTI_SecA
"Dec 29, 2024",Sunday,9,10:45 AM – 12:15 PM,1,CS_SecA
"Dec 29, 2024",Sunday,9,10:45 AM – 12:15 PM,2,ODC_SecB
"Dec 29, 2024",Sunday,9,10:45 AM – 12:15 PM,3,PRI_SecA
"Dec 29, 2024",Sunday,9,12:30 PM – 02:00 PM,1,DT_SecA
"Dec 29, 2024",Sunday,9,12:30 PM – 02:00 PM,2,PBM_SecB
"Dec 30, 2024",Monday,9,02:45 PM – 04:15 PM,1,DMPA_SecA
"Dec 30, 2024",Monday,9,02:45 PM – 04:15 PM,2,DTI_SecA
"Dec 30, 2024",Monday,9,04:30 PM – 06:00 PM,1,CRM_SecA
"Dec 30, 2024",Monday,9,04:30 PM – 06:00 PM,2,CS_SecB
"Dec 30, 2024",Monday,9,04:30 PM – 06:00 PM,3,IM_SecA
"Dec 30, 2024",Monday,9,06:15 PM – 07:45 PM,1,IMKT_SecA
"Dec 30, 2024",Monday,9,06:15 PM – 07:45 PM,2,PM_SecA
"Dec 30, 2024",Monday,9,09:00 AM – 10:30 AM,1,DRV_SecA
"Dec 30, 2024",Monday,9,09:00 AM – 10:30 AM,2,SCM_SecB
"Dec 30, 2024",Monday,9,09:00 AM – 10:30 AM,3,SDM_SecA
"Dec 30, 2024",Monday,9,10:45 AM – 12:15 PM,1,DTI_SecB
"Dec 30, 2024",Monday,9,10:45 AM – 12:15 PM,2,FIS_SecB
"Dec 30, 2024",Monday,9,10:45 AM – 12:15 PM,3,PM_SecB
"Dec 30, 2024",Monday,9,12:30 PM – 02:00 PM,1,PBM_SecB
"Dec 30, 2024",Monday,9,12:30 PM – 02:00 PM,2,SDM_SecA
"Dec 31, 2024",Tuesday,9,02:45 PM – 04:15 PM,1,BMS
"Dec 31, 2024",Tuesday,9,02:45 PM – 04:15 PM,2,IM_SecB
"Dec 31, 2024",Tuesday,9,04:30 PM – 06:00 PM,1,BMS
"Dec 31, 2024",Tuesday,9,04:30 PM – 06:00 PM,2,PM_SecA
"Dec 31, 2024",Tuesday,9,06:15 PM – 07:45 PM,1,CRM_SecA
"Dec 31, 2024",Tuesday,9,06:15 PM – 07:45 PM,2,CS_SecB
"Dec 31, 2024",Tuesday,9,06:15 PM – 07:45 PM,3,DRV_SecB
"Dec 31, 2024",Tuesday,9,09:00 AM – 10:30 AM,1,BV
"Dec 31, 2024",Tuesday,9,09:00 AM – 10:30 AM,2,DMPA_SecA
"Dec 31, 2024",Tuesday,9,09:00 AM – 10:30 AM,3,DTI_SecB
"Dec 31, 2024",Tuesday,9,09:00 AM – 10:30 AM,4,ODC_SecB
"Dec 31, 2024",Tuesday,9,10:45 AM – 12:15 PM,1,CS_SecA
"Dec 31, 2024",Tuesday,9,10:45 AM – 12:15 PM,2,EMPP_SecB
"Dec 31, 2024",Tuesday,9,12:30 PM – 02:00 PM,1,BV
"Dec 31, 2024",Tuesday,9,12:30 PM – 02:00 PM,2,SDM_SecA
"Jan 01, 2025",Wednesday,9,02:45 PM – 04:15 PM,1,CRM_SecB
"Jan 01, 2025",Wednesday,9,02:45 PM – 04:15 PM,2,ODC_SecA
"Jan 01, 2025",Wednesday,9,04:30 PM – 06:00 PM,1,CCS_SecB
"Jan 01, 2025",Wednesday,9,04:30 PM – 06:00 PM,2,FIS_SecA
"Jan 01, 2025",Wednesday,9,06:15 PM – 07:45 PM,1,DSMM_SecA
"Jan 01, 2025",Wednesday,9,06:15 PM – 07:45 PM,2,EMPP_SecA
"Jan 01, 2025",Wednesday,9,09:00 AM – 10:30 AM,1,EMPP_SecA
"Jan 01, 2025",Wednesday,9,09:00 AM – 10:30 AM,2,IMKT_SecB
"Jan 01, 2025",Wednesday,9,09:00 AM – 10:30 AM,3,SCM_SecA
"Jan 01, 2025",Wednesday,9,10:45 AM – 12:15 PM,1,BMS
"Jan 01, 2025",Wednesday,9,10:45 AM – 12:15 PM,2,PM_SecA
"Jan 01, 2025",Wednesday,9,12:30 PM – 02:00 PM,1,FIS_SecB
"Jan 01, 2025",Wednesday,9,12:30 PM – 02:00 PM,2,SDM_SecA
"Jan 02, 2025",Thursday,9,02:45 PM – 04:15 PM,1,DMPA_SecA
"Jan 02, 2025",Thursday,9,02:45 PM – 04:15 PM,2,DTI_SecA
"Jan 02, 2025",Thursday,9,04:30 PM – 06:00 PM,1,DT_SecA
"Jan 02, 2025",Thursday,9,04:30 PM – 06:00 PM,2,NCM
"Jan 02, 2025",Thursday,9,04:30 PM – 06:00 PM,3,PBM_SecB
"Jan 02, 2025",Thursday,9,06:15 PM – 07:45 PM,1,CCS_SecA
"Jan 02, 2025",Thursday,9,06:15 PM – 07:45 PM,2,DWDV
"Jan 02, 2025",Thursday,9,06:15 PM – 07:45 PM,3,REE
"Jan 02, 2025",Thursday,9,09:00 AM – 10:30 AM,1,CB_SecA
"Jan 02, 2025",Thursday,9,09:00 AM – 10:30 AM,2,CCS_SecB
"Jan 02, 2025",Thursday,9,09:00 AM – 10:30 AM,3,SCM_SecB
"Jan 02, 2025",Thursday,9,10:45 AM – 12:15 PM,1,DMPA_SecB
"Jan 02, 2025",Thursday,9,10:45 AM – 12:15 PM,2,IMC_SecB
"Jan 02, 2025",Thursday,9,12:30 PM – 02:00 PM,1,DRV_SecA
"Jan 02, 2025",Thursday,9,12:30 PM – 02:00 PM,2,DTI_SecB
"Jan 02, 2025",Thursday,9,12:30 PM – 02:00 PM,3,PM_SecB
"Jan 03, 2025",Friday,10,02:45 PM – 04:15 PM,1,CRM_SecA
"Jan 03, 2025",Friday,10,02:45 PM – 04:15 PM,2,CS_SecB
"Jan 03, 2025",Friday,10,04:30 PM – 06:00 PM,1,BV
"Jan 03, 2025",Friday,10,04:30 PM – 06:00 PM,2,DSMM_SecB
"Jan 03, 2025",Friday,10,04:30 PM – 06:00 PM,3,EMPP_SecB
"Jan 03, 2025",Friday,10,06:15 PM – 07:45 PM,1,CCS_SecB
"Jan 03, 2025",Friday,10,06:15 PM – 07:45 PM,2,SDM_SecB
"Jan 03, 2025",Friday,10,09:00 AM – 10:30 AM,1,DT_SecA
"Jan 03, 2025",Friday,10,09:00 AM – 10:30 AM,2,IM_SecB
"Jan 03, 2025",Friday,10,10:45 AM – 12:15 PM,1,BMS
"Jan 03, 2025",Friday,10,10:45 AM – 12:15 PM,2,IM_SecB
"Jan 03, 2025",Friday,10,10:45 AM – 12:15 PM,3,ODC_SecB
"Jan 03, 2025",Friday,10,12:30 PM – 02:00 PM,1,CB_SecB
"Jan 03, 2025",Friday,10,12:30 PM – 02:00 PM,2,DMPA_SecB
"Jan 04, 2025",Saturday,10,02:45 PM – 04:15 PM,1,CS_SecA
"Jan 04, 2025",Saturday,10,02:45 PM – 04:15 PM,2,NCM
"Jan 04, 2025",Saturday,10,02:45 PM – 04:15 PM,3,SCM_SecA
"Jan 04, 2025",Saturday,10,04:30 PM – 06:00 PM,1,DMPA_SecA
"Jan 04, 2025",Saturday,10,04:30 PM – 06:00 PM,2,DTI_SecA
"Jan 04, 2025",Saturday,10,04:30 PM – 06:00 PM,3,ODC_SecB
"Jan 04, 2025",Saturday,10,06:15 PM – 07:45 PM,1,EMPP_SecA
"Jan 04, 2025",Saturday,10,06:15 PM – 07:45 PM,2,IMKT_SecB
"Jan 04, 2025",Saturday,10,06:15 PM – 07:45 PM,3,SCM_SecA
"Jan 04, 2025",Saturday,10,09:00 AM – 10:30 AM,1,DSMM_SecB
"Jan 04, 2025",Saturday,10,09:00 AM – 10:30 AM,2,DT_SecB
"Jan 04, 2025",Saturday,10,10:45 AM – 12:15 PM,1,CCS_SecB
"Jan 04, 2025",Saturday,10,10:45 AM – 12:15 PM,2,SDM_SecB
"Jan 04, 2025",Saturday,10,12:30 PM – 02:00 PM,1,DRV_SecA
"Jan 04, 2025",Saturday,10,12:30 PM – 02:00 PM,2,PBM_SecA
"Jan 05, 2025",Sunday,10,02:45 PM – 04:15 PM,1,CRM_SecA
"Jan 05, 2025",Sunday,10,02:45 PM – 04:15 PM,2,CS_SecB
"Jan 05, 2025",Sunday,10,02:45 PM – 04:15 PM,3,IM_SecA
"Jan 05, 2025",Sunday,10,09:00 AM – 10:30 AM,1,DRV_SecB
"Jan 05, 2025",Sunday,10,09:00 AM – 10:30 AM,2,DTI_SecB
"Jan 05, 2025",Sunday,10,09:00 AM – 10:30 AM,3,PM_SecB
"Jan 05, 2025",Sunday,10,10:45 AM – 12:15 PM,1,IMC_SecB
"Jan 05, 2025",Sunday,10,12:30 PM – 02:00 PM,1,CB_SecA
"Jan 05, 2025",Sunday,10,12:30 PM – 02:00 PM,2,CCS_SecB
"Jan 05, 2025",Sunday,10,12:30 PM – 02:00 PM,3,PBM_SecB
"Jan 06, 2025",Monday,10,02:45 PM – 04:15 PM,1,CCS_SecA
"Jan 06, 2025",Monday,10,02:45 PM – 04:15 PM,2,DT_SecB
"Jan 06, 2025",Monday,10,02:45 PM – 04:15 PM,3,EMPP_SecA
"Jan 06, 2025",Monday,10,04:30 PM – 06:00 PM,1,IM_SecA
"Jan 06, 2025",Monday,10,04:30 PM – 06:00 PM,2,ODC_SecA
"Jan 06, 2025",Monday,10,04:30 PM – 06:00 PM,3,PM_SecB
"Jan 06, 2025",Monday,10,06:15 PM – 07:45 PM,1,BV
"Jan 06, 2025",Monday,10,06:15 PM – 07:45 PM,2,PBM_SecA
"Jan 06, 2025",Monday,10,09:00 AM – 10:30 AM,1,PRI_SecB
"Jan 06, 2025",Monday,10,09:00 AM – 10:30 AM,2,SMTI
"Jan 06, 2025",Monday,10,10:45 AM – 12:15 PM,1,EMPP_SecA
"Jan 06, 2025",Monday,10,10:45 AM – 12:15 PM,2,IMKT_SecB
"Jan 06, 2025",Monday,10,10:45 AM – 12:15 PM,3,SCM_SecA
"Jan 06, 2025",Monday,10,12:30 PM – 02:00 PM,1,DSMM_SecB
"Jan 06, 2025",Monday,10,12:30 PM – 02:00 PM,2,IM_SecA
"Jan 07, 2025",Tuesday,10,02:45 PM – 04:15 PM,1,DTI_SecB
"Jan 07, 2025",Tuesday,10,02:45 PM – 04:15 PM,2,FIS_SecB
"Jan 07, 2025",Tuesday,10,02:45 PM – 04:15 PM,3,PM_SecB
"Jan 07, 2025",Tuesday,10,04:30 PM – 06:00 PM,1,CB_SecA
"Jan 07, 2025",Tuesday,10,04:30 PM – 06:00 PM,2,CCS_SecB
"Jan 07, 2025",Tuesday,10,04:30 PM – 06:00 PM,3,FIS_SecA
"Jan 07, 2025",Tuesday,10,06:15 PM – 07:45 PM,1,BMS
"Jan 07, 2025",Tuesday,10,06:15 PM – 07:45 PM,2,PM_SecA
"Jan 07, 2025",Tuesday,10,09:00 AM – 10:30 AM,1,EMPP_SecB
"Jan 07, 2025",Tuesday,10,09:00 AM – 10:30 AM,2,PRI_SecB
"Jan 07, 2025",Tuesday,10,09:00 AM – 10:30 AM,3,SMTI
"Jan 07, 2025",Tuesday,10,10:45 AM – 12:15 PM,1,CRM_SecB
"Jan 07, 2025",Tuesday,10,10:45 AM – 12:15 PM,2,NCM
"Jan 07, 2025",Tuesday,10,12:30 PM – 02:00 PM,1,CRM_SecB
"Jan 07, 2025",Tuesday,10,12:30 PM – 02:00 PM,2,ODC_SecB
"Jan 08, 2025",Wednesday,10,02:45 PM – 04:15 PM,1,FIS_SecA
"Jan 08, 2025",Wednesday,10,02:45 PM – 04:15 PM,2,SDM_SecA
"Jan 08, 2025",Wednesday,10,04:30 PM – 06:00 PM,1,IMKT_SecB
"Jan 08, 2025",Wednesday,10,04:30 PM – 06:00 PM,2,ODC_SecB
"Jan 08, 2025",Wednesday,10,04:30 PM – 06:00 PM,3,SMTI
"Jan 08, 2025",Wednesday,10,06:15 PM – 07:45 PM,1,DSMM_SecB
"Jan 08, 2025",Wednesday,10,06:15 PM – 07:45 PM,2,EMPP_SecB
"Jan 08, 2025",Wednesday,10,06:15 PM – 07:45 PM,3,FIS_SecB
"Jan 08, 2025",Wednesday,10,09:00 AM – 10:30 AM,1,IMKT_SecA
"Jan 08, 2025",Wednesday,10,09:00 AM – 10:30 AM,2,PM_SecA
"Jan 08, 2025",Wednesday,10,10:45 AM – 12:15 PM,1,CB_SecA
"Jan 08, 2025",Wednesday,10,10:45 AM – 12:15 PM,2,CCS_SecB
"Jan 08, 2025",Wednesday,10,10:45 AM – 12:15 PM,3,PBM_SecB
"Jan 08, 2025",Wednesday,10,12:30 PM – 02:00 PM,1,DRV_SecB
"Jan 08, 2025",Wednesday,10,12:30 PM – 02:00 PM,2,IMC_SecA
"Jan 08, 2025",Wednesday,10,12:30 PM – 02:00 PM,3,SDM_SecB
"Jan 09, 2025",Thursday,10,02:45 PM – 04:15 PM,1,BV
"Jan 09, 2025",Thursday,10,02:45 PM – 04:15 PM,2,PBM_SecA
"Jan 09, 2025",Thursday,10,04:30 PM – 06:00 PM,1,EMPP_SecA
"Jan 09, 2025",Thursday,10,04:30 PM – 06:00 PM,2,IMKT_SecB
"Jan 09, 2025",Thursday,10,04:30 PM – 06:00 PM,3,SCM_SecA
"Jan 09, 2025",Thursday,10,06:15 PM – 07:45 PM,1,DRV_SecB
"Jan 09, 2025",Thursday,10,06:15 PM – 07:45 PM,2,DSMM_SecA
"Jan 09, 2025",Thursday,10,06:15 PM – 07:45 PM,3,EMPP_SecA
"Jan 09, 2025",Thursday,10,09:00 AM – 10:30 AM,1,CRM_SecB
"Jan 09, 2025",Thursday,10,09:00 AM – 10:30 AM,2,GMRM
"Jan 09, 2025",Thursday,10,10:45 AM – 12:15 PM,1,BMS
"Jan 09, 2025",Thursday,10,10:45 AM – 12:15 PM,2,PM_SecA
"Jan 09, 2025",Thursday,10,12:30 PM – 02:00 PM,1,CCS_SecA
"Jan 09, 2025",Thursday,10,12:30 PM – 02:00 PM,2,DWDV
"Jan 09, 2025",Thursday,10,12:30 PM – 02:00 PM,3,REE
